Workbook

Sheet PTKP & TARIF
A2: PTKP Update Tahun 2015 | D2: KATEGORI TER
A3: STATUS | B3: PTKP SETAHUN | D3: STATUS | E3: PTKP SETAHUN | H3: YA
A4: TK0 | B4: 54000000 | D4: TK0 | E4: TER A | H4: TIDAK
A5: TK1 | B5: =+B4+4500000 -> 58500000 | D5: TK1 | E5: TER A
A6: TK2 | B6: =+B5+4500000 -> 63000000 | D6: K0 | E6: TER A
A7: TK3 | B7: =+B6+4500000 -> 67500000 | D7: TK2 | E7: TER B
A8: K0 | B8: 58500000 | D8: TK3 | E8: TER B
A9: K1 | B9: 63000000 | D9: K1 | E9: TER B
A10: K2 | B10: 67500000 | D10: K2 | E10: TER B
A11: K3 | B11: 72000000 | D11: K3 | E11: TER C
A14: Tarif PPh Pasal 17 Terbaru
A15: TARIF | B15: PENGHASILAN BRUTO
A16: 0.05 | B16: <= 60.000.000
A17: 0.15 | B17: >60.000.000 s.d 250.000.000
A18: 0.25 | B18: >250.000.000 s.d 500.000.000
A19: 0.3 | B19: > 500.000.000 s.d. 5M
A20: 0.35 | B20: > 5M

Sheet TER
A1: PENERAPAN PERHITUNGAN PPh 21 SESUAI PP NO. 58 TAHUN 2023
A3: KATEGORI A (TK0/TK1/K0) | F3: KATEGORI B (TK2/TK3/K1/K2) | K3: KATEGORI C (K3) | P3: HARIAN
A4: Range | D4: Tarif | F4: Range | I4: Tarif | K4: Range | N4: Tarif | P4: Range | S4: Tarif
A5: 0 | B5: s.d. | C5: 5400000 | D5: 0 | F5: 0 | G5: s.d. | H5: 6200000 | I5: 0 | K5: 0 | L5: s.d. | M5: 6600000 | N5: 0 | P5: 0 | Q5: s.d. | R5: 450000 | S5: 0
A6: 5400001 | B6: s.d. | C6: 5650000 | D6: 0.0025 | F6: 6200001 | G6: s.d. | H6: 6500000 | I6: 0.0025 | K6: 6600001 | L6: s.d. | M6: 6950000 | N6: 0.0025 | P6: 450000 | Q6: s.d. | R6: 2500000 | S6: 0.005
A7: 5650001 | B7: s.d. | C7: 5950000 | D7: 0.005 | F7: 6500001 | G7: s.d. | H7: 6850000 | I7: 0.005 | K7: 6950001 | L7: s.d. | M7: 7350000 | N7: 0.005
A8: 5950001 | B8: s.d. | C8: 6300000 | D8: 0.0075 | F8: 6850001 | G8: s.d. | H8: 7300000 | I8: 0.0075 | K8: 7350001 | L8: s.d. | M8: 7800000 | N8: 0.0075
A9: 6300001 | B9: s.d. | C9: 6750000 | D9: 0.01 | F9: 7300001 | G9: s.d. | H9: 9200000 | I9: 0.01 | K9: 7800001 | L9: s.d. | M9: 8850000 | N9: 0.01
A10: 6750001 | B10: s.d. | C10: 7500000 | D10: 0.0125 | F10: 9200001 | G10: s.d. | H10: 10750000 | I10: 0.015 | K10: 8850001 | L10: s.d. | M10: 9800000 | N10: 0.0125
A11: 7500001 | B11: s.d. | C11: 8550000 | D11: 0.015 | F11: 10750001 | G11: s.d. | H11: 11250000 | I11: 0.02 | K11: 9800001 | L11: s.d. | M11: 10950000 | N11: 0.015
A12: 8550001 | B12: s.d. | C12: 9650000 | D12: 0.0175 | F12: 11250001 | G12: s.d. | H12: 11600000 | I12: 0.025 | K12: 10950001 | L12: s.d. | M12: 11200000 | N12: 0.0175
A13: 9650001 | B13: s.d. | C13: 10050000 | D13: 0.02 | F13: 11600001 | G13: s.d. | H13: 12600000 | I13: 0.03 | K13: 11200001 | L13: s.d. | M13: 12050000 | N13: 0.02
A14: 10050001 | B14: s.d. | C14: 10350000 | D14: 0.0225 | F14: 12600001 | G14: s.d. | H14: 13600000 | I14: 0.04 | K14: 12050001 | L14: s.d. | M14: 12950000 | N14: 0.03
A15: 10350001 | B15: s.d. | C15: 10700000 | D15: 0.025 | F15: 13600001 | G15: s.d. | H15: 14950000 | I15: 0.05 | K15: 12950001 | L15: s.d. | M15: 14150000 | N15: 0.04
A16: 10700001 | B16: s.d. | C16: 11050000 | D16: 0.03 | F16: 14950001 | G16: s.d. | H16: 16400000 | I16: 0.06 | K16: 14150001 | L16: s.d. | M16: 15550000 | N16: 0.05
A17: 11050001 | B17: s.d. | C17: 11600000 | D17: 0.035 | F17: 16400001 | G17: s.d. | H17: 18450000 | I17: 0.07 | K17: 15550001 | L17: s.d. | M17: 17050000 | N17: 0.06
A18: 11600001 | B18: s.d. | C18: 12500000 | D18: 0.04 | F18: 18450001 | G18: s.d. | H18: 21850000 | I18: 0.08 | K18: 17050001 | L18: s.d. | M18: 19500000 | N18: 0.07
... A43: 337000001 | B43: s.d. | C43: 454000000 | D43: 0.29 | F43: 957000001 | G43: s.d. | H43: 1405000000 | I43: 0.33 | K43: 709000001 | L43: s.d. | M43: 965000000 | N43: 0.32
A44: 454000001 | B44: s.d. | C44: 550000000 | D44: 0.3 | F44: 1405000001 | G44: s.d. | H44: ~ | I44: 0.34 | K44: 965000001 | L44: s.d. | M44: 1419000000 | N44: 0.33
A45: 550000001 | B45: s.d. | C45: 695000000 | D45: 0.31 | K45: 1419000001 | L45: s.d. | M45: ~ | N45: 0.34
A46: 695000001 | B46: s.d. | C46: 910000000 | D46: 0.32
A47: 910000001 | B47: s.d. | C47: 1400000000 | D47: 0.33
A48: 1400000001 | B48: s.d. | C48: ~ | D48: 0.34
A57: 5300000 | C57: =VLOOKUP(A57,$A$5:$D$48,4,TRUE) -> 0
A58: 5600000 | C58: =VLOOKUP(A58,$A$5:$D$48,4,TRUE) -> 0.0025
A59: 6000000 | C59: =VLOOKUP(A59,$A$5:$D$48,4,TRUE) -> 0.0075
A60: 7500000 | C60: =VLOOKUP(A60,$A$5:$D$48,4,TRUE) -> 0.0125
A61: 7200000 | C61: =VLOOKUP(A61,$A$5:$D$48,4,TRUE) -> 0.0125
A62: 6500000 | C62: =VLOOKUP(A62,$A$5:$D$48,4,TRUE) -> 0.01

Sheet Data Gaji
A1: PT. X
A2: PERHITUNGAN PPh 21 BULANAN (TER PP 58 Tahun 2023)
A3: BULAN JANUARI-DESEMBER 2024 | N3: JANUARI | AN3: FEBRUARI | BN3: MARET | CN3: APRIL | DN3: MEI | EN3: JUNI | FN3: JULI | GN3: AGUSTUS | HN3: SEPTEMBER | IN3: OKTOBER | JN3: NOVEMBER | KN3: DESEMBER
A4: NO. | B4: NIP | C4: NIK (KTP) | D4: BULAN MASUK KERJA | E4: NPWP | G4: NAMA | H4: JENIS KELAMIN | I4: ALAMAT | J4: JABATAN | K4: STATUS | L4: KATEGORI TER | M4: GROSS UP | N4: GAJI | Q4: GAJI DILAPOR KE BPJS | R4: GAJI | S4: TUNJANGAN | W4: BPJS JKK,JKM | Y4: IURAN JHT | AA4: IURAN JP TK | AC4: IURAN BPJS KES | AE4: JUMLAH TUNJANGAN BPJS DITANGGUNG PESERTA | AF4: JUMLAH TUNJANGAN BPJS DITANGGUNG PERUSAHAAN | AG4: PENGHASILAN BRUTO | AH4: PENGHASILAN TIDAK TERATUR | AK4: TOTAL PENGHASILAN TIDAK TERATUR | AL4: TOTAL P. BRUTO | AN4: GAJI | AQ4: LAPOR BPJS | AR4: GAJI | AS4: TUNJANGAN | AW4: BPJS JKK,JKM | AY4: IURAN JHT | BA4: IURAN JP TK | BC4: IURAN BPJS KES | BE4: JUMLAH TUNJANGAN BPJS DITANGGUNG PESERTA | BF4: JUMLAH TUNJANGAN BPJS DITANGGUNG PERUSAHAAN | BG4: PENGHASILAN BRUTO | BH4: PENGHASILAN TIDAK TERATUR | BK4: TOTAL PENGHASILAN TIDAK TERATUR | BL4: TOTAL P. BRUTO | BN4: GAJI | BQ4: LAPOR BPJS | BR4: GAJI | BS4: TUNJANGAN | BW4: BPJS JKK,JKM | BY4: IURAN JHT | CA4: IURAN JP TK | CC4: IURAN BPJS KES | CE4: JUMLAH TUNJANGAN BPJS DITANGGUNG PESERTA | CF4: JUMLAH TUNJANGAN BPJS DITANGGUNG PERUSAHAAN | CG4: PENGHASILAN BRUTO | CH4: PENGHASILAN TIDAK TERATUR | CK4: TOTAL PENGHASILAN TIDAK TERATUR | CL4: TOTAL P. BRUTO | CN4: GAJI | CQ4: LAPOR BPJS | CR4: GAJI | CS4: TUNJANGAN | CW4: BPJS JKK,JKM | CY4: IURAN JHT | DA4: IURAN JP TK | DC4: IURAN BPJS KES | DE4: JUMLAH TUNJANGAN BPJS DITANGGUNG PESERTA | DF4: JUMLAH TUNJANGAN BPJS DITANGGUNG PERUSAHAAN | DG4: PENGHASILAN BRUTO | DH4: PENGHASILAN TIDAK TERATUR | DK4: TOTAL PENGHASILAN TIDAK TERATUR | DL4: TOTAL P. BRUTO | DN4: GAJI | DQ4: LAPOR BPJS | DR4: GAJI | DS4: TUNJANGAN | DW4: BPJS JKK,JKM | DY4: IURAN JHT | EA4: IURAN JP TK | EC4: IURAN BPJS KES | EE4: JUMLAH TUNJANGAN BPJS DITANGGUNG PESERTA | EF4: JUMLAH TUNJANGAN BPJS DITANGGUNG PERUSAHAAN | EG4: PENGHASILAN BRUTO | EH4: PENGHASILAN TIDAK TERATUR | EK4: TOTAL PENGHASILAN TIDAK TERATUR | EL4: TOTAL P. BRUTO | EN4: GAJI | EQ4: LAPOR BPJS | ER4: GAJI | ES4: TUNJANGAN | EW4: BPJS JKK,JKM | EY4: IURAN JHT | FA4: IURAN JP TK | FC4: IURAN BPJS KES | FE4: JUMLAH TUNJANGAN BPJS DITANGGUNG PESERTA | FF4: JUMLAH TUNJANGAN BPJS DITANGGUNG PERUSAHAAN | FG4: PENGHASILAN BRUTO | FH4: PENGHASILAN TIDAK TERATUR | FK4: TOTAL PENGHASILAN TIDAK TERATUR | FL4: TOTAL P. BRUTO | FN4: GAJI | FQ4: LAPOR BPJS | FR4: GAJI | FS4: TUNJANGAN | FW4: BPJS JKK,JKM | FY4: IURAN JHT | GA4: IURAN JP TK | GC4: IURAN BPJS KES | GE4: JUMLAH TUNJANGAN BPJS DITANGGUNG PESERTA | GF4: JUMLAH TUNJANGAN BPJS DITANGGUNG PERUSAHAAN | GG4: PENGHASILAN BRUTO | GH4: PENGHASILAN TIDAK TERATUR | GK4: TOTAL PENGHASILAN TIDAK TERATUR | GL4: TOTAL P. BRUTO | GN4: GAJI | GQ4: LAPOR BPJS | GR4: GAJI | GS4: TUNJANGAN | GW4: BPJS JKK,JKM | GY4: IURAN JHT | HA4: IURAN JP TK | HC4: IURAN BPJS KES | HE4: JUMLAH TUNJANGAN BPJS DITANGGUNG PESERTA | HF4: JUMLAH TUNJANGAN BPJS DITANGGUNG PERUSAHAAN | HG4: PENGHASILAN BRUTO | HH4: PENGHASILAN TIDAK TERATUR | HK4: TOTAL PENGHASILAN TIDAK TERATUR | HL4: TOTAL P. BRUTO | HN4: GAJI | HQ4: LAPOR BPJS | HR4: GAJI | HS4: TUNJANGAN | HW4: BPJS JKK,JKM | HY4: IURAN JHT | IA4: IURAN JP TK | IC4: IURAN BPJS KES | IE4: JUMLAH TUNJANGAN BPJS DITANGGUNG PESERTA | IF4: JUMLAH TUNJANGAN BPJS DITANGGUNG PERUSAHAAN | IG4: PENGHASILAN BRUTO | IH4: PENGHASILAN TIDAK TERATUR | IK4: TOTAL PENGHASILAN TIDAK TERATUR | IL4: TOTAL P. BRUTO | IN4: GAJI | IQ4: LAPOR BPJS | IR4: GAJI | IS4: TUNJANGAN | IW4: BPJS JKK,JKM | IY4: IURAN JHT | JA4: IURAN JP TK | JC4: IURAN BPJS KES | JE4: JUMLAH TUNJANGAN BPJS DITANGGUNG PESERTA | JF4: JUMLAH TUNJANGAN BPJS DITANGGUNG PERUSAHAAN | JG4: PENGHASILAN BRUTO | JH4: PENGHASILAN TIDAK TERATUR | JK4: TOTAL PENGHASILAN TIDAK TERATUR | JL4: TOTAL P. BRUTO | JN4: GAJI | JQ4: LAPOR BPJS | JR4: GAJI | JS4: TUNJANGAN | JW4: BPJS JKK,JKM | JY4: IURAN JHT | KA4: IURAN JP TK | KC4: IURAN BPJS KES | KE4: JUMLAH TUNJANGAN BPJS DITANGGUNG PESERTA | KF4: JUMLAH TUNJANGAN BPJS DITANGGUNG PERUSAHAAN | KG4: PENGHASILAN BRUTO | KH4: PENGHASILAN TIDAK TERATUR | KK4: TOTAL PENGHASILAN TIDAK TERATUR | KL4: TOTAL P. BRUTO | KN4: GAJI | KQ4: LAPOR BPJS | KR4: GAJI | KS4: TUNJANGAN | KW4: BPJS JKK,JKM | KY4: IURAN JHT | LA4: IURAN JP TK | LC4: IURAN BPJS KES | LE4: JUMLAH TUNJANGAN BPJS DITANGGUNG PESERTA | LF4: JUMLAH TUNJANGAN BPJS DITANGGUNG PERUSAHAAN | LG4: PENGHASILAN BRUTO | LH4: PENGHASILAN TIDAK TERATUR | LK4: TOTAL PENGHASILAN TIDAK TERATUR | LL4: TOTAL P. BRUTO
N5: GAJI POKOK | O5: TJ. JABATAN | P5: JUMLAH | S5: TJ. KERJA | T5: HP/KOMUNIKASI | U5: TRANSPORT/KENDARAAN | V5: TJ. LAINYA | W5: BPJS JKK 0,24% | X5: BPJS JKM 0,30% | Y5: IURAN JHT TENAGA KERJA 3% | Z5: IURAN JHT PEMBERI KERJA 2% | AA5: TENAGA KERJA 1% | AB5: PEMBERI KERJA 2% | AC5: TENAGA KERJA (1%) | AD5: PEMBERI KERJA (4%) | AH5: TJ. HARIAN | AI5: INSENTIF/BONUS | AJ5: THR | AN5: GAJI POKOK | AO5: TJ. JABATAN | AP5: JUMLAH | AS5: TJ. KERJA | AT5: HP/KOMUNIKASI | AU5: TRANSPORT/KENDARAAN | AV5: TJ. LAINYA | AW5: BPJS JKK 0,24% | AX5: BPJS JKM 0,30% | AY5: IURAN JHT TENAGA KERJA 3% | AZ5: IURAN JHT PEMBERI KERJA 2% | BA5: TENAGA KERJA 1% | BB5: PEMBERI KERJA 2% | BC5: TENAGA KERJA (1%) | BD5: PEMBERI KERJA (4%) | BH5: TJ. HARIAN | BI5: INSENTIF/BONUS | BJ5: THR | BN5: GAJI POKOK | BO5: TJ. JABATAN | BP5: JUMLAH | BS5: TJ. KERJA | BT5: HP/KOMUNIKASI | BU5: TRANSPORT/KENDARAAN | BV5: TJ. LAINYA | BW5: BPJS JKK 0,24% | BX5: BPJS JKM 0,30% | BY5: IURAN JHT TENAGA KERJA 3% | BZ5: IURAN JHT PEMBERI KERJA 2% | CA5: TENAGA KERJA 1% | CB5: PEMBERI KERJA 2% | CC5: TENAGA KERJA (1%) | CD5: PEMBERI KERJA (4%) | CH5: TJ. HARIAN | CI5: INSENTIF/BONUS | CJ5: THR | CN5: GAJI POKOK | CO5: TJ. JABATAN | CP5: JUMLAH | CS5: TJ. KERJA | CT5: HP/KOMUNIKASI | CU5: TRANSPORT/KENDARAAN | CV5: TJ. LAINYA | CW5: BPJS JKK 0,24% | CX5: BPJS JKM 0,30% | CY5: IURAN JHT TENAGA KERJA 3% | CZ5: IURAN JHT PEMBERI KERJA 2% | DA5: TENAGA KERJA 1% | DB5: PEMBERI KERJA 2% | DC5: TENAGA KERJA (1%) | DD5: PEMBERI KERJA (4%) | DH5: TJ. HARIAN | DI5: INSENTIF/BONUS | DJ5: THR | DN5: GAJI POKOK | DO5: TJ. JABATAN | DP5: JUMLAH | DS5: TJ. KERJA | DT5: HP/KOMUNIKASI | DU5: TRANSPORT/KENDARAAN | DV5: TJ. LAINYA | DW5: BPJS JKK 0,24% | DX5: BPJS JKM 0,30% | DY5: IURAN JHT TENAGA KERJA 3% | DZ5: IURAN JHT PEMBERI KERJA 2% | EA5: TENAGA KERJA 1% | EB5: PEMBERI KERJA 2% | EC5: TENAGA KERJA (1%) | ED5: PEMBERI KERJA (4%) | EH5: TJ. HARIAN | EI5: INSENTIF/BONUS | EJ5: THR | EN5: GAJI POKOK | EO5: TJ. JABATAN | EP5: JUMLAH | ES5: TJ. KERJA | ET5: HP/KOMUNIKASI | EU5: TRANSPORT/KENDARAAN | EV5: TJ. LAINYA | EW5: BPJS JKK 0,24% | EX5: BPJS JKM 0,30% | EY5: IURAN JHT TENAGA KERJA 3% | EZ5: IURAN JHT PEMBERI KERJA 2% | FA5: TENAGA KERJA 1% | FB5: PEMBERI KERJA 2% | FC5: TENAGA KERJA (1%) | FD5: PEMBERI KERJA (4%) | FH5: TJ. HARIAN | FI5: INSENTIF/BONUS | FJ5: THR | FN5: GAJI POKOK | FO5: TJ. JABATAN | FP5: JUMLAH | FS5: TJ. KERJA | FT5: HP/KOMUNIKASI | FU5: TRANSPORT/KENDARAAN | FV5: TJ. LAINYA | FW5: BPJS JKK 0,24% | FX5: BPJS JKM 0,30% | FY5: IURAN JHT TENAGA KERJA 3% | FZ5: IURAN JHT PEMBERI KERJA 2% | GA5: TENAGA KERJA 1% | GB5: PEMBERI KERJA 2% | GC5: TENAGA KERJA (1%) | GD5: PEMBERI KERJA (4%) | GH5: TJ. HARIAN | GI5: INSENTIF/BONUS | GJ5: THR | GN5: GAJI POKOK | GO5: TJ. JABATAN | GP5: JUMLAH | GS5: TJ. KERJA | GT5: HP/KOMUNIKASI | GU5: TRANSPORT/KENDARAAN | GV5: TJ. LAINYA | GW5: BPJS JKK 0,24% | GX5: BPJS JKM 0,30% | GY5: IURAN JHT TENAGA KERJA 3% | GZ5: IURAN JHT PEMBERI KERJA 2% | HA5: TENAGA KERJA 1% | HB5: PEMBERI KERJA 2% | HC5: TENAGA KERJA (1%) | HD5: PEMBERI KERJA (4%) | HH5: TJ. HARIAN | HI5: INSENTIF/BONUS | HJ5: THR | HN5: GAJI POKOK | HO5: TJ. JABATAN | HP5: JUMLAH | HS5: TJ. KERJA | HT5: HP/KOMUNIKASI | HU5: TRANSPORT/KENDARAAN | HV5: TJ. LAINYA | HW5: BPJS JKK 0,24% | HX5: BPJS JKM 0,30% | HY5: IURAN JHT TENAGA KERJA 3% | HZ5: IURAN JHT PEMBERI KERJA 2% | IA5: TENAGA KERJA 1% | IB5: PEMBERI KERJA 2% | IC5: TENAGA KERJA (1%) | ID5: PEMBERI KERJA (4%) | IH5: TJ. HARIAN | II5: INSENTIF/BONUS | IJ5: THR | IN5: GAJI POKOK | IO5: TJ. JABATAN | IP5: JUMLAH | IS5: TJ. KERJA | IT5: HP/KOMUNIKASI | IU5: TRANSPORT/KENDARAAN | IV5: TJ. LAINYA | IW5: BPJS JKK 0,24% | IX5: BPJS JKM 0,30% | IY5: IURAN JHT TENAGA KERJA 3% | IZ5: IURAN JHT PEMBERI KERJA 2% | JA5: TENAGA KERJA 1% | JB5: PEMBERI KERJA 2% | JC5: TENAGA KERJA (1%) | JD5: PEMBERI KERJA (4%) | JH5: TJ. HARIAN | JI5: INSENTIF/BONUS | JJ5: THR | JN5: GAJI POKOK | JO5: TJ. JABATAN | JP5: JUMLAH | JS5: TJ. KERJA | JT5: HP/KOMUNIKASI | JU5: TRANSPORT/KENDARAAN | JV5: TJ. LAINYA | JW5: BPJS JKK 0,24% | JX5: BPJS JKM 0,30% | JY5: IURAN JHT TENAGA KERJA 3% | JZ5: IURAN JHT PEMBERI KERJA 2% | KA5: TENAGA KERJA 1% | KB5: PEMBERI KERJA 2% | KC5: TENAGA KERJA (1%) | KD5: PEMBERI KERJA (4%) | KH5: TJ. HARIAN | KI5: INSENTIF/BONUS | KJ5: THR | KN5: GAJI POKOK | KO5: TJ. JABATAN | KP5: JUMLAH | KS5: TJ. KERJA | KT5: HP/KOMUNIKASI | KU5: TRANSPORT/KENDARAAN | KV5: TJ. LAINYA | KW5: BPJS JKK 0,24% | KX5: BPJS JKM 0,30% | KY5: IURAN JHT TENAGA KERJA 3% | KZ5: IURAN JHT PEMBERI KERJA 2% | LA5: TENAGA KERJA 1% | LB5: PEMBERI KERJA 2% | LC5: TENAGA KERJA (1%) | LD5: PEMBERI KERJA (4%) | LH5: TJ. HARIAN | LI5: INSENTIF/BONUS | LJ5: THR | LO5: REKAP TJ HARIAN SETAHU
A6: PEGAWAI TETAP
P46: =SUM(P7:P45) -> 0 | Q46: =SUM(Q7:Q45) -> 0 | R46: =SUM(R7:R45) -> 0 | S46: =SUM(S7:S45) -> 0 | T46: =SUM(T7:T45) -> 0 | U46: =SUM(U7:U45) -> 0 | V46: =SUM(V7:V45) -> 0 | W46: =SUM(W7:W45) -> 0 | ... AJ46: =SUM(AJ7:AJ45) -> 0 | AK46: =SUM(AK7:APD45) -> 0 | AL46: =SUM(AL7:AL45) -> 0 | AP46: =SUM(AP7:AP45) -> 0 | AQ46: =SUM(AQ7:AQ45) -> 0 | AR46: =SUM(AR7:AR45) -> 0 | AS46: =SUM(AS7:AS45) -> 0 | AT46: =SUM(AT7:AT45) -> 0 | AU46: =SUM(AU7:AU45) -> 0 | AV46: =SUM(AV7:AV45) -> 0 | AW46: =SUM(AW7:AW45) -> 0 | ... BJ46: =SUM(BJ7:BJ45) -> 0 | BK46: =SUM(BK7:AQD45) -> 0 | BL46: =SUM(BL7:BL45) -> 0 | BP46: =SUM(BP7:BP45) -> 0 | BQ46: =SUM(BQ7:BQ45) -> 0 | BR46: =SUM(BR7:BR45) -> 0 | BS46: =SUM(BS7:BS45) -> 0 | BT46: =SUM(BT7:BT45) -> 0 | BU46: =SUM(BU7:BU45) -> 0 | BV46: =SUM(BV7:BV45) -> 0 | BW46: =SUM(BW7:BW45) -> 0 | ... CJ46: =SUM(CJ7:CJ45) -> 0 | CK46: =SUM(CK7:ARD45) -> 0 | CL46: =SUM(CL7:CL45) -> 0 | CP46: =SUM(CP7:CP45) -> 0 | CQ46: =SUM(CQ7:CQ45) -> 0 | CR46: =SUM(CR7:CR45) -> 0 | CS46: =SUM(CS7:CS45) -> 0 | CT46: =SUM(CT7:CT45) -> 0 | CU46: =SUM(CU7:CU45) -> 0 | CV46: =SUM(CV7:CV45) -> 0 | CW46: =SUM(CW7:CW45) -> 0 | ... DJ46: =SUM(DJ7:DJ45) -> 0 | DK46: =SUM(DK7:ASD45) -> 0 | DL46: =SUM(DL7:DL45) -> 0 | DP46: =SUM(DP7:DP45) -> 0 | DQ46: =SUM(DQ7:DQ45) -> 0 | DR46: =SUM(DR7:DR45) -> 0 | DS46: =SUM(DS7:DS45) -> 0 | DT46: =SUM(DT7:DT45) -> 0 | DU46: =SUM(DU7:DU45) -> 0 | DV46: =SUM(DV7:DV45) -> 0 | DW46: =SUM(DW7:DW45) -> 0 | ... EJ46: =SUM(EJ7:EJ45) -> 0 | EK46: =SUM(EK7:ATD45) -> 0 | EL46: =SUM(EL7:EL45) -> 0 | EP46: =SUM(EP7:EP45) -> 0 | EQ46: =SUM(EQ7:EQ45) -> 0 | ER46: =SUM(ER7:ER45) -> 0 | ES46: =SUM(ES7:ES45) -> 0 | ET46: =SUM(ET7:ET45) -> 0 | EU46: =SUM(EU7:EU45) -> 0 | EV46: =SUM(EV7:EV45) -> 0 | EW46: =SUM(EW7:EW45) -> 0 | ... FJ46: =SUM(FJ7:FJ45) -> 0 | FK46: =SUM(FK7:AUD45) -> 0 | FL46: =SUM(FL7:FL45) -> 0 | FP46: =SUM(FP7:FP45) -> 0 | FQ46: =SUM(FQ7:FQ45) -> 0 | FR46: =SUM(FR7:FR45) -> 0 | FS46: =SUM(FS7:FS45) -> 0 | FT46: =SUM(FT7:FT45) -> 0 | FU46: =SUM(FU7:FU45) -> 0 | FV46: =SUM(FV7:FV45) -> 0 | FW46: =SUM(FW7:FW45) -> 0 | ... GJ46: =SUM(GJ7:GJ45) -> 0 | GK46: =SUM(GK7:AVD45) -> 0 | GL46: =SUM(GL7:GL45) -> 0 | GP46: =SUM(GP7:GP45) -> 0 | GQ46: =SUM(GQ7:GQ45) -> 0 | GR46: =SUM(GR7:GR45) -> 0 | GS46: =SUM(GS7:GS45) -> 0 | GT46: =SUM(GT7:GT45) -> 0 | GU46: =SUM(GU7:GU45) -> 0 | GV46: =SUM(GV7:GV45) -> 0 | GW46: =SUM(GW7:GW45) -> 0 | ... HJ46: =SUM(HJ7:HJ45) -> 0 | HK46: =SUM(HK7:AWD45) -> 0 | HL46: =SUM(HL7:HL45) -> 0 | HP46: =SUM(HP7:HP45) -> 0 | HQ46: =SUM(HQ7:HQ45) -> 0 | HR46: =SUM(HR7:HR45) -> 0 | HS46: =SUM(HS7:HS45) -> 0 | HT46: =SUM(HT7:HT45) -> 0 | HU46: =SUM(HU7:HU45) -> 0 | HV46: =SUM(HV7:HV45) -> 0 | HW46: =SUM(HW7:HW45) -> 0 | ... IJ46: =SUM(IJ7:IJ45) -> 0 | IK46: =SUM(IK7:AXD45) -> 0 | IL46: =SUM(IL7:IL45) -> 0 | IP46: =SUM(IP7:IP45) -> 0 | IQ46: =SUM(IQ7:IQ45) -> 0 | IR46: =SUM(IR7:IR45) -> 0 | IS46: =SUM(IS7:IS45) -> 0 | IT46: =SUM(IT7:IT45) -> 0 | IU46: =SUM(IU7:IU45) -> 0 | IV46: =SUM(IV7:IV45) -> 0 | IW46: =SUM(IW7:IW45) -> 0 | ... JJ46: =SUM(JJ7:JJ45) -> 0 | JK46: =SUM(JK7:AYD45) -> 0 | JL46: =SUM(JL7:JL45) -> 0 | JP46: =SUM(JP7:JP45) -> 0 | JQ46: =SUM(JQ7:JQ45) -> 0 | JR46: =SUM(JR7:JR45) -> 0 | JS46: =SUM(JS7:JS45) -> 0 | JT46: =SUM(JT7:JT45) -> 0 | JU46: =SUM(JU7:JU45) -> 0 | JV46: =SUM(JV7:JV45) -> 0 | JW46: =SUM(JW7:JW45) -> 0 | ... KJ46: =SUM(KJ7:KJ45) -> 0 | KK46: =SUM(KK7:AZD45) -> 0 | KL46: =SUM(KL7:KL45) -> 0 | KP46: =SUM(KP7:KP45) -> 0 | KQ46: =SUM(KQ7:KQ45) -> 0 | KR46: =SUM(KR7:KR45) -> 0 | KS46: =SUM(KS7:KS45) -> 0 | KT46: =SUM(KT7:KT45) -> 0 | KU46: =SUM(KU7:KU45) -> 0 | KV46: =SUM(KV7:KV45) -> 0 | KW46: =SUM(KW7:KW45) -> 0 | ... LJ46: =SUM(LJ7:LJ45) -> 0 | LK46: =SUM(LK7:BAD45) -> 0 | LL46: =SUM(LL7:LL45) -> 0 | LO46: =SUM(LO7:LO45) -> 0
AE48: PEMBAYARAN BPJS BULANAN | AF48: =AE46+AF46 -> 0 | BE48: PEMBAYARAN BPJS BULANAN | BF48: =BE46+BF46 -> 0 | CE48: PEMBAYARAN BPJS BULANAN | CF48: =CE46+CF46 -> 0 | DE48: PEMBAYARAN BPJS BULANAN | DF48: =DE46+DF46 -> 0 | EE48: PEMBAYARAN BPJS BULANAN | EF48: =EE46+EF46 -> 0 | FE48: PEMBAYARAN BPJS BULANAN | FF48: =FE46+FF46 -> 0 | GE48: PEMBAYARAN BPJS BULANAN | GF48: =GE46+GF46 -> 0 | HE48: PEMBAYARAN BPJS BULANAN | HF48: =HE46+HF46 -> 0 | IE48: PEMBAYARAN BPJS BULANAN | IF48: =IE46+IF46 -> 0 | JE48: PEMBAYARAN BPJS BULANAN | JF48: =JE46+JF46 -> 0 | KE48: PEMBAYARAN BPJS BULANAN | KF48: =KE46+KF46 -> 0 | LE48: PEMBAYARAN BPJS BULANAN | LF48: =LE46+LF46 -> 0

Sheet Jan-Nov
A1: PT. X
A2: PERHITUNGAN PPh 21 BULANAN (TER PP 58 Tahun 2023)
A3: BULAN JANUARI 2024
A4: NO. | B4: NIP | C4: NIK (KTP) | D4: BULAN MASUK KERJA | E4: NPWP | G4: NAMA | H4: JENIS KELAMIN | I4: ALAMAT | J4: JABATAN | K4: STATUS | L4: KATEGORI TER | M4: HARI KERJA | N4: TOTAL HADIR | O4: GROSS UP | P4: PENGHASILAN BRUTO JANUARI | W4: PENGHASILAN BRUTO FEBRUARI | AD4: PENGHASILAN BRUTO MARET | AK4: PENGHASILAN BRUTO APRIL | AR4: PENGHASILAN BRUTO MEI | AY4: PENGHASILAN BRUTO JUNI | BF4: PENGHASILAN BRUTO JULI | BM4: PENGHASILAN BRUTO AGUSTUS | BT4: PENGHASILAN BRUTO SEPTEMBER | CA4: PENGHASILAN BRUTO OKTOBER | CH4: PENGHASILAN BRUTO NOVEMBER | CO4: PENGHASILAN BRUTO DESEMBER
P5: P. BRUTO | Q5: TARIF TER | R5: GROSS UP | S5: BRUTO | T5: TARIF TER | U5: PPh 21 PERBULAN | W5: P. BRUTO | X5: TARIF TER | Y5: GROSS UP | Z5: BRUTO | AA5: TARIF TER | AB5: PPh 21 PERBULAN | AD5: P. BRUTO | AE5: TARIF TER | AF5: GROSS UP | AG5: BRUTO | AH5: TARIF TER | AI5: PPh 21 PERBULAN | AK5: P. BRUTO | AL5: TARIF TER | AM5: GROSS UP | AN5: BRUTO | AO5: TARIF TER | AP5: PPh 21 PERBULAN | AR5: P. BRUTO | AS5: TARIF TER | AT5: GROSS UP | AU5: BRUTO | AV5: TARIF TER | AW5: PPh 21 PERBULAN | AY5: P. BRUTO | AZ5: TARIF TER | BA5: GROSS UP | BB5: BRUTO | BC5: TARIF TER | BD5: PPh 21 PERBULAN | BF5: P. BRUTO | BG5: TARIF TER | BH5: GROSS UP | BI5: BRUTO | BJ5: TARIF TER | BK5: PPh 21 PERBULAN | BM5: P. BRUTO | BN5: TARIF TER | BO5: GROSS UP | BP5: BRUTO | BQ5: TARIF TER | BR5: PPh 21 PERBULAN | BT5: P. BRUTO | BU5: TARIF TER | BV5: GROSS UP | BW5: BRUTO | BX5: TARIF TER | BY5: PPh 21 PERBULAN | CA5: P. BRUTO | CB5: TARIF TER | CC5: GROSS UP | CD5: BRUTO | CE5: TARIF TER | CF5: PPh 21 PERBULAN | CH5: P. BRUTO | CI5: TARIF TER | CJ5: GROSS UP | CK5: BRUTO | CL5: TARIF TER | CM5: PPh 21 PERBULAN | CO5: P. BRUTO | CP5: TARIF TER | CQ5: GROSS UP | CR5: BRUTO | CS5: TARIF TER | CT5: PPh 21 PERBULAN
A6: PEGAWAI TETAP
A7: 1 | K7: ='Data Gaji'!K7 -> 0 | L7: =IF(ISNA(VLOOKUP(K7,'PTKP & TARIF'!$D$4:$E$11,2,0)),"",VLOOKUP(K7,'PTKP & TARIF'!$D$4:$E$11,2,0)) | M7: 26 | N7: 26 | O7: TIDAK | P7: ='Data Gaji'!AL7 -> 0 | Q7: =IF($L7="TER A",VLOOKUP(P7,TER!$A$5:$D$48,4,TRUE),IF($L7="TER B",VLOOKUP(P7,TER!$F$5:$I$44,4,TRUE),IF($L7="TER C",VLOOKUP(P7,TER!$K$5:$N$45,4,TRUE),0))) -> 0 | R7: =IF($O7="Ya",P7*Q7,0) -> 0 | S7: =P7+R7 -> 0 | T7: =IF($L7="TER A",VLOOKUP(P7,TER!$A$5:$D$48,4,TRUE),IF($L7="TER B",VLOOKUP(P7,TER!$F$5:$I$44,4,TRUE),IF($L7="TER C",VLOOKUP(P7,TER!$K$5:$N$45,4,TRUE),0))) -> 0 | U7: =ROUND(S7*T7,2) -> 0 | W7: ='Data Gaji'!BL7 -> 0 | X7: =IF($L7="TER A",VLOOKUP(W7,TER!$A$5:$D$48,4,TRUE),IF($L7="TER B",VLOOKUP(W7,TER!$F$5:$I$44,4,TRUE),IF($L7="TER C",VLOOKUP(W7,TER!$K$5:$N$45,4,TRUE),0))) -> 0 | Y7: =IF($O7="Ya",W7*X7,0) -> 0 | Z7: =W7+Y7 -> 0 | AA7: =IF($L7="TER A",VLOOKUP(W7,TER!$A$5:$D$48,4,TRUE),IF($L7="TER B",VLOOKUP(W7,TER!$F$5:$I$44,4,TRUE),IF($L7="TER C",VLOOKUP(W7,TER!$K$5:$N$45,4,TRUE),0))) -> 0 | AB7: =ROUND(Z7*AA7,0) -> 0 | AD7: ='Data Gaji'!CL7 -> 0 | AE7: =IF($L7="TER A",VLOOKUP(AD7,TER!$A$5:$D$48,4,TRUE),IF($L7="TER B",VLOOKUP(AD7,TER!$F$5:$I$44,4,TRUE),IF($L7="TER C",VLOOKUP(AD7,TER!$K$5:$N$45,4,TRUE),0))) -> 0 | AF7: =IF($O7="Ya",AD7*AE7,0) -> 0 | AG7: =AD7+AF7 -> 0 | AH7: =IF($L7="TER A",VLOOKUP(AD7,TER!$A$5:$D$48,4,TRUE),IF($L7="TER B",VLOOKUP(AD7,TER!$F$5:$I$44,4,TRUE),IF($L7="TER C",VLOOKUP(AD7,TER!$K$5:$N$45,4,TRUE),0))) -> 0 | AI7: =ROUND(AG7*AH7,0) -> 0 | AK7: ='Data Gaji'!DL7 -> 0 | AL7: =IF($L7="TER A",VLOOKUP(AK7,TER!$A$5:$D$48,4,TRUE),IF($L7="TER B",VLOOKUP(AK7,TER!$F$5:$I$44,4,TRUE),IF($L7="TER C",VLOOKUP(AK7,TER!$K$5:$N$45,4,TRUE),0))) -> 0 | AM7: =IF($O7="Ya",AK7*AL7,0) -> 0 | AN7: =AK7+AM7 -> 0 | AO7: =IF($L7="TER A",VLOOKUP(AK7,TER!$A$5:$D$48,4,TRUE),IF($L7="TER B",VLOOKUP(AK7,TER!$F$5:$I$44,4,TRUE),IF($L7="TER C",VLOOKUP(AK7,TER!$K$5:$N$45,4,TRUE),0))) -> 0 | AP7: =ROUND(AN7*AO7,0) -> 0 | AR7: ='Data Gaji'!EL7 -> 0 | AS7: =IF($L7="TER A",VLOOKUP(AR7,TER!$A$5:$D$48,4,TRUE),IF($L7="TER B",VLOOKUP(AR7,TER!$F$5:$I$44,4,TRUE),IF($L7="TER C",VLOOKUP(AR7,TER!$K$5:$N$45,4,TRUE),0))) -> 0 | AT7: =IF($O7="Ya",AR7*AS7,0) -> 0 | AU7: =AR7+AT7 -> 0 | AV7: =IF($L7="TER A",VLOOKUP(AR7,TER!$A$5:$D$48,4,TRUE),IF($L7="TER B",VLOOKUP(AR7,TER!$F$5:$I$44,4,TRUE),IF($L7="TER C",VLOOKUP(AR7,TER!$K$5:$N$45,4,TRUE),0))) -> 0 | AW7: =ROUND(AU7*AV7,0) -> 0 | AY7: ='Data Gaji'!FL7 -> 0 | AZ7: =IF($L7="TER A",VLOOKUP(AY7,TER!$A$5:$D$48,4,TRUE),IF($L7="TER B",VLOOKUP(AY7,TER!$F$5:$I$44,4,TRUE),IF($L7="TER C",VLOOKUP(AY7,TER!$K$5:$N$45,4,TRUE),0))) -> 0 | BA7: =IF($O7="Ya",AY7*AZ7,0) -> 0 | BB7: =AY7+BA7 -> 0 | BC7: =IF($L7="TER A",VLOOKUP(AY7,TER!$A$5:$D$48,4,TRUE),IF($L7="TER B",VLOOKUP(AY7,TER!$F$5:$I$44,4,TRUE),IF($L7="TER C",VLOOKUP(AY7,TER!$K$5:$N$45,4,TRUE),0))) -> 0 | BD7: =ROUND(BB7*BC7,0) -> 0 | BF7: ='Data Gaji'!GL7 -> 0 | BG7: =IF($L7="TER A",VLOOKUP(BF7,TER!$A$5:$D$48,4,TRUE),IF($L7="TER B",VLOOKUP(BF7,TER!$F$5:$I$44,4,TRUE),IF($L7="TER C",VLOOKUP(BF7,TER!$K$5:$N$45,4,TRUE),0))) -> 0 | BH7: =IF($O7="Ya",BF7*BG7,0) -> 0 | BI7: =BF7+BH7 -> 0 | BJ7: =IF($L7="TER A",VLOOKUP(BF7,TER!$A$5:$D$48,4,TRUE),IF($L7="TER B",VLOOKUP(BF7,TER!$F$5:$I$44,4,TRUE),IF($L7="TER C",VLOOKUP(BF7,TER!$K$5:$N$45,4,TRUE),0))) -> 0 | BK7: =ROUND(BI7*BJ7,0) -> 0 | BM7: ='Data Gaji'!HL7 -> 0 | BN7: =IF($L7="TER A",VLOOKUP(BM7,TER!$A$5:$D$48,4,TRUE),IF($L7="TER B",VLOOKUP(BM7,TER!$F$5:$I$44,4,TRUE),IF($L7="TER C",VLOOKUP(BM7,TER!$K$5:$N$45,4,TRUE),0))) -> 0 | BO7: =IF($O7="Ya",BM7*BN7,0) -> 0 | BP7: =BM7+BO7 -> 0 | BQ7: =IF($L7="TER A",VLOOKUP(BM7,TER!$A$5:$D$48,4,TRUE),IF($L7="TER B",VLOOKUP(BM7,TER!$F$5:$I$44,4,TRUE),IF($L7="TER C",VLOOKUP(BM7,TER!$K$5:$N$45,4,TRUE),0))) -> 0 | BR7: =ROUND(BP7*BQ7,0) -> 0 | BT7: ='Data Gaji'!IL7 -> 0 | BU7: =IF($L7="TER A",VLOOKUP(BT7,TER!$A$5:$D$48,4,TRUE),IF($L7="TER B",VLOOKUP(BT7,TER!$F$5:$I$44,4,TRUE),IF($L7="TER C",VLOOKUP(BT7,TER!$K$5:$N$45,4,TRUE),0))) -> 0 | BV7: =IF($O7="Ya",BT7*BU7,0) -> 0 | BW7: =BT7+BV7 -> 0 | BX7: =IF($L7="TER A",VLOOKUP(BT7,TER!$A$5:$D$48,4,TRUE),IF($L7="TER B",VLOOKUP(BT7,TER!$F$5:$I$44,4,TRUE),IF($L7="TER C",VLOOKUP(BT7,TER!$K$5:$N$45,4,TRUE),0))) -> 0 | BY7: =ROUND(BW7*BX7,0) -> 0 | CA7: ='Data Gaji'!JL7 -> 0 | CB7: =IF($L7="TER A",VLOOKUP(CA7,TER!$A$5:$D$48,4,TRUE),IF($L7="TER B",VLOOKUP(CA7,TER!$F$5:$I$44,4,TRUE),IF($L7="TER C",VLOOKUP(CA7,TER!$K$5:$N$45,4,TRUE),0))) -> 0 | CC7: =IF($O7="Ya",CA7*CB7,0) -> 0 | CD7: =CA7+CC7 -> 0 | CE7: =IF($L7="TER A",VLOOKUP(CA7,TER!$A$5:$D$48,4,TRUE),IF($L7="TER B",VLOOKUP(CA7,TER!$F$5:$I$44,4,TRUE),IF($L7="TER C",VLOOKUP(CA7,TER!$K$5:$N$45,4,TRUE),0))) -> 0 | CF7: =ROUND(CD7*CE7,0) -> 0 | CH7: ='Data Gaji'!KL7 -> 0 | CI7: =IF($L7="TER A",VLOOKUP(CH7,TER!$A$5:$D$48,4,TRUE),IF($L7="TER B",VLOOKUP(CH7,TER!$F$5:$I$44,4,TRUE),IF($L7="TER C",VLOOKUP(CH7,TER!$K$5:$N$45,4,TRUE),0))) -> 0 | CJ7: =IF($O7="Ya",CH7*CI7,0) -> 0 | CK7: =CH7+CJ7 -> 0 | CL7: =IF($L7="TER A",VLOOKUP(CH7,TER!$A$5:$D$48,4,TRUE),IF($L7="TER B",VLOOKUP(CH7,TER!$F$5:$I$44,4,TRUE),IF($L7="TER C",VLOOKUP(CH7,TER!$K$5:$N$45,4,TRUE),0))) -> 0 | CM7: =ROUND(CK7*CL7,0) -> 0 | CO7: ='Data Gaji'!LL7 -> 0 | CP7: =IF($L7="TER A",VLOOKUP(CO7,TER!$A$5:$D$48,4,TRUE),IF($L7="TER B",VLOOKUP(CO7,TER!$F$5:$I$44,4,TRUE),IF($L7="TER C",VLOOKUP(CO7,TER!$K$5:$N$45,4,TRUE),0))) -> 0 | CQ7: =IF($O7="Ya",CO7*CP7,0) -> 0 | CR7: =CO7+CQ7 -> 0 | CS7: =IF($L7="TER A",VLOOKUP(CO7,TER!$A$5:$D$48,4,TRUE),IF($L7="TER B",VLOOKUP(CO7,TER!$F$5:$I$44,4,TRUE),IF($L7="TER C",VLOOKUP(CO7,TER!$K$5:$N$45,4,TRUE),0))) -> 0 | CT7: =CR7*CS7 -> 0
A8: =A7+1 -> 2 | K8: ='Data Gaji'!K8 -> 0 | L8: =IF(ISNA(VLOOKUP(K8,'PTKP & TARIF'!$D$4:$E$11,2,0)),"",VLOOKUP(K8,'PTKP & TARIF'!$D$4:$E$11,2,0)) | M8: 26 | N8: 26 | O8: TIDAK | P8: ='Data Gaji'!AL8 -> 0 | Q8: =IF($L8="TER A",VLOOKUP(P8,TER!$A$5:$D$48,4,TRUE),IF($L8="TER B",VLOOKUP(P8,TER!$F$5:$I$44,4,TRUE),IF($L8="TER C",VLOOKUP(P8,TER!$K$5:$N$45,4,TRUE),0))) -> 0 | R8: =IF($O8="Ya",P8*Q8,0) -> 0 | S8: =P8+R8 -> 0 | T8: =IF($L8="TER A",VLOOKUP(P8,TER!$A$5:$D$48,4,TRUE),IF($L8="TER B",VLOOKUP(P8,TER!$F$5:$I$44,4,TRUE),IF($L8="TER C",VLOOKUP(P8,TER!$K$5:$N$45,4,TRUE),0))) -> 0 | U8: =ROUND(S8*T8,0) -> 0 | W8: ='Data Gaji'!BL8 -> 0 | X8: =IF($L8="TER A",VLOOKUP(W8,TER!$A$5:$D$48,4,TRUE),IF($L8="TER B",VLOOKUP(W8,TER!$F$5:$I$44,4,TRUE),IF($L8="TER C",VLOOKUP(W8,TER!$K$5:$N$45,4,TRUE),0))) -> 0 | Y8: =IF($O8="Ya",W8*X8,0) -> 0 | Z8: =W8+Y8 -> 0 | AA8: =IF($L8="TER A",VLOOKUP(W8,TER!$A$5:$D$48,4,TRUE),IF($L8="TER B",VLOOKUP(W8,TER!$F$5:$I$44,4,TRUE),IF($L8="TER C",VLOOKUP(W8,TER!$K$5:$N$45,4,TRUE),0))) -> 0 | AB8: =ROUND(Z8*AA8,0) -> 0 | AD8: ='Data Gaji'!CL8 -> 0 | AE8: =IF($L8="TER A",VLOOKUP(AD8,TER!$A$5:$D$48,4,TRUE),IF($L8="TER B",VLOOKUP(AD8,TER!$F$5:$I$44,4,TRUE),IF($L8="TER C",VLOOKUP(AD8,TER!$K$5:$N$45,4,TRUE),0))) -> 0 | AF8: =IF($O8="Ya",AD8*AE8,0) -> 0 | AG8: =AD8+AF8 -> 0 | AH8: =IF($L8="TER A",VLOOKUP(AD8,TER!$A$5:$D$48,4,TRUE),IF($L8="TER B",VLOOKUP(AD8,TER!$F$5:$I$44,4,TRUE),IF($L8="TER C",VLOOKUP(AD8,TER!$K$5:$N$45,4,TRUE),0))) -> 0 | AI8: =ROUND(AG8*AH8,0) -> 0 | AK8: ='Data Gaji'!DL8 -> 0 | AL8: =IF($L8="TER A",VLOOKUP(AK8,TER!$A$5:$D$48,4,TRUE),IF($L8="TER B",VLOOKUP(AK8,TER!$F$5:$I$44,4,TRUE),IF($L8="TER C",VLOOKUP(AK8,TER!$K$5:$N$45,4,TRUE),0))) -> 0 | AM8: =IF($O8="Ya",AK8*AL8,0) -> 0 | AN8: =AK8+AM8 -> 0 | AO8: =IF($L8="TER A",VLOOKUP(AK8,TER!$A$5:$D$48,4,TRUE),IF($L8="TER B",VLOOKUP(AK8,TER!$F$5:$I$44,4,TRUE),IF($L8="TER C",VLOOKUP(AK8,TER!$K$5:$N$45,4,TRUE),0))) -> 0 | AP8: =ROUND(AN8*AO8,0) -> 0 | AR8: ='Data Gaji'!EL8 -> 0 | AS8: =IF($L8="TER A",VLOOKUP(AR8,TER!$A$5:$D$48,4,TRUE),IF($L8="TER B",VLOOKUP(AR8,TER!$F$5:$I$44,4,TRUE),IF($L8="TER C",VLOOKUP(AR8,TER!$K$5:$N$45,4,TRUE),0))) -> 0 | AT8: =IF($O8="Ya",AR8*AS8,0) -> 0 | AU8: =AR8+AT8 -> 0 | AV8: =IF($L8="TER A",VLOOKUP(AR8,TER!$A$5:$D$48,4,TRUE),IF($L8="TER B",VLOOKUP(AR8,TER!$F$5:$I$44,4,TRUE),IF($L8="TER C",VLOOKUP(AR8,TER!$K$5:$N$45,4,TRUE),0))) -> 0 | AW8: =ROUND(AU8*AV8,0) -> 0 | AY8: ='Data Gaji'!FL8 -> 0 | AZ8: =IF($L8="TER A",VLOOKUP(AY8,TER!$A$5:$D$48,4,TRUE),IF($L8="TER B",VLOOKUP(AY8,TER!$F$5:$I$44,4,TRUE),IF($L8="TER C",VLOOKUP(AY8,TER!$K$5:$N$45,4,TRUE),0))) -> 0 | BA8: =IF($O8="Ya",AY8*AZ8,0) -> 0 | BB8: =AY8+BA8 -> 0 | BC8: =IF($L8="TER A",VLOOKUP(AY8,TER!$A$5:$D$48,4,TRUE),IF($L8="TER B",VLOOKUP(AY8,TER!$F$5:$I$44,4,TRUE),IF($L8="TER C",VLOOKUP(AY8,TER!$K$5:$N$45,4,TRUE),0))) -> 0 | BD8: =ROUND(BB8*BC8,0) -> 0 | BF8: ='Data Gaji'!GL8 -> 0 | BG8: =IF($L8="TER A",VLOOKUP(BF8,TER!$A$5:$D$48,4,TRUE),IF($L8="TER B",VLOOKUP(BF8,TER!$F$5:$I$44,4,TRUE),IF($L8="TER C",VLOOKUP(BF8,TER!$K$5:$N$45,4,TRUE),0))) -> 0 | BH8: =IF($O8="Ya",BF8*BG8,0) -> 0 | BI8: =BF8+BH8 -> 0 | BJ8: =IF($L8="TER A",VLOOKUP(BF8,TER!$A$5:$D$48,4,TRUE),IF($L8="TER B",VLOOKUP(BF8,TER!$F$5:$I$44,4,TRUE),IF($L8="TER C",VLOOKUP(BF8,TER!$K$5:$N$45,4,TRUE),0))) -> 0 | BK8: =ROUND(BI8*BJ8,0) -> 0 | BM8: ='Data Gaji'!HL8 -> 0 | BN8: =IF($L8="TER A",VLOOKUP(BM8,TER!$A$5:$D$48,4,TRUE),IF($L8="TER B",VLOOKUP(BM8,TER!$F$5:$I$44,4,TRUE),IF($L8="TER C",VLOOKUP(BM8,TER!$K$5:$N$45,4,TRUE),0))) -> 0 | BO8: =IF($O8="Ya",BM8*BN8,0) -> 0 | BP8: =BM8+BO8 -> 0 | BQ8: =IF($L8="TER A",VLOOKUP(BM8,TER!$A$5:$D$48,4,TRUE),IF($L8="TER B",VLOOKUP(BM8,TER!$F$5:$I$44,4,TRUE),IF($L8="TER C",VLOOKUP(BM8,TER!$K$5:$N$45,4,TRUE),0))) -> 0 | BR8: =ROUND(BP8*BQ8,0) -> 0 | BT8: ='Data Gaji'!IL8 -> 0 | BU8: =IF($L8="TER A",VLOOKUP(BT8,TER!$A$5:$D$48,4,TRUE),IF($L8="TER B",VLOOKUP(BT8,TER!$F$5:$I$44,4,TRUE),IF($L8="TER C",VLOOKUP(BT8,TER!$K$5:$N$45,4,TRUE),0))) -> 0 | BV8: =IF($O8="Ya",BT8*BU8,0) -> 0 | BW8: =BT8+BV8 -> 0 | BX8: =IF($L8="TER A",VLOOKUP(BT8,TER!$A$5:$D$48,4,TRUE),IF($L8="TER B",VLOOKUP(BT8,TER!$F$5:$I$44,4,TRUE),IF($L8="TER C",VLOOKUP(BT8,TER!$K$5:$N$45,4,TRUE),0))) -> 0 | BY8: =ROUND(BW8*BX8,0) -> 0 | CA8: ='Data Gaji'!JL8 -> 0 | CB8: =IF($L8="TER A",VLOOKUP(CA8,TER!$A$5:$D$48,4,TRUE),IF($L8="TER B",VLOOKUP(CA8,TER!$F$5:$I$44,4,TRUE),IF($L8="TER C",VLOOKUP(CA8,TER!$K$5:$N$45,4,TRUE),0))) -> 0 | CC8: =IF($O8="Ya",CA8*CB8,0) -> 0 | CD8: =CA8+CC8 -> 0 | CE8: =IF($L8="TER A",VLOOKUP(CA8,TER!$A$5:$D$48,4,TRUE),IF($L8="TER B",VLOOKUP(CA8,TER!$F$5:$I$44,4,TRUE),IF($L8="TER C",VLOOKUP(CA8,TER!$K$5:$N$45,4,TRUE),0))) -> 0 | CF8: =ROUND(CD8*CE8,0) -> 0 | CH8: ='Data Gaji'!KL8 -> 0 | CI8: =IF($L8="TER A",VLOOKUP(CH8,TER!$A$5:$D$48,4,TRUE),IF($L8="TER B",VLOOKUP(CH8,TER!$F$5:$I$44,4,TRUE),IF($L8="TER C",VLOOKUP(CH8,TER!$K$5:$N$45,4,TRUE),0))) -> 0 | CJ8: =IF($O8="Ya",CH8*CI8,0) -> 0 | CK8: =CH8+CJ8 -> 0 | CL8: =IF($L8="TER A",VLOOKUP(CH8,TER!$A$5:$D$48,4,TRUE),IF($L8="TER B",VLOOKUP(CH8,TER!$F$5:$I$44,4,TRUE),IF($L8="TER C",VLOOKUP(CH8,TER!$K$5:$N$45,4,TRUE),0))) -> 0 | CM8: =ROUND(CK8*CL8,0) -> 0 | CO8: ='Data Gaji'!LL8 -> 0 | CP8: =IF($L8="TER A",VLOOKUP(CO8,TER!$A$5:$D$48,4,TRUE),IF($L8="TER B",VLOOKUP(CO8,TER!$F$5:$I$44,4,TRUE),IF($L8="TER C",VLOOKUP(CO8,TER!$K$5:$N$45,4,TRUE),0))) -> 0 | CQ8: =IF($O8="Ya",CO8*CP8,0) -> 0 | CR8: =CO8+CQ8 -> 0 | CS8: =IF($L8="TER A",VLOOKUP(CO8,TER!$A$5:$D$48,4,TRUE),IF($L8="TER B",VLOOKUP(CO8,TER!$F$5:$I$44,4,TRUE),IF($L8="TER C",VLOOKUP(CO8,TER!$K$5:$N$45,4,TRUE),0))) -> 0 | CT8: =CR8*CS8 -> 0
A9: =A8+1 -> 3 | K9: ='Data Gaji'!K9 -> 0 | L9: =IF(ISNA(VLOOKUP(K9,'PTKP & TARIF'!$D$4:$E$11,2,0)),"",VLOOKUP(K9,'PTKP & TARIF'!$D$4:$E$11,2,0)) | M9: 26 | N9: 26 | O9: TIDAK | P9: ='Data Gaji'!AL9 -> 0 | Q9: =IF($L9="TER A",VLOOKUP(P9,TER!$A$5:$D$48,4,TRUE),IF($L9="TER B",VLOOKUP(P9,TER!$F$5:$I$44,4,TRUE),IF($L9="TER C",VLOOKUP(P9,TER!$K$5:$N$45,4,TRUE),0))) -> 0 | R9: =IF($O9="Ya",P9*Q9,0) -> 0 | S9: =P9+R9 -> 0 | T9: =IF($L9="TER A",VLOOKUP(P9,TER!$A$5:$D$48,4,TRUE),IF($L9="TER B",VLOOKUP(P9,TER!$F$5:$I$44,4,TRUE),IF($L9="TER C",VLOOKUP(P9,TER!$K$5:$N$45,4,TRUE),0))) -> 0 | U9: =ROUND(S9*T9,2) -> 0 | W9: ='Data Gaji'!BL9 -> 0 | X9: =IF($L9="TER A",VLOOKUP(W9,TER!$A$5:$D$48,4,TRUE),IF($L9="TER B",VLOOKUP(W9,TER!$F$5:$I$44,4,TRUE),IF($L9="TER C",VLOOKUP(W9,TER!$K$5:$N$45,4,TRUE),0))) -> 0 | Y9: =IF($O9="Ya",W9*X9,0) -> 0 | Z9: =W9+Y9 -> 0 | AA9: =IF($L9="TER A",VLOOKUP(W9,TER!$A$5:$D$48,4,TRUE),IF($L9="TER B",VLOOKUP(W9,TER!$F$5:$I$44,4,TRUE),IF($L9="TER C",VLOOKUP(W9,TER!$K$5:$N$45,4,TRUE),0))) -> 0 | AB9: =ROUND(Z9*AA9,0) -> 0 | AD9: ='Data Gaji'!CL9 -> 0 | AE9: =IF($L9="TER A",VLOOKUP(AD9,TER!$A$5:$D$48,4,TRUE),IF($L9="TER B",VLOOKUP(AD9,TER!$F$5:$I$44,4,TRUE),IF($L9="TER C",VLOOKUP(AD9,TER!$K$5:$N$45,4,TRUE),0))) -> 0 | AF9: =IF($O9="Ya",AD9*AE9,0) -> 0 | AG9: =AD9+AF9 -> 0 | AH9: =IF($L9="TER A",VLOOKUP(AD9,TER!$A$5:$D$48,4,TRUE),IF($L9="TER B",VLOOKUP(AD9,TER!$F$5:$I$44,4,TRUE),IF($L9="TER C",VLOOKUP(AD9,TER!$K$5:$N$45,4,TRUE),0))) -> 0 | AI9: =ROUND(AG9*AH9,0) -> 0 | AK9: ='Data Gaji'!DL9 -> 0 | AL9: =IF($L9="TER A",VLOOKUP(AK9,TER!$A$5:$D$48,4,TRUE),IF($L9="TER B",VLOOKUP(AK9,TER!$F$5:$I$44,4,TRUE),IF($L9="TER C",VLOOKUP(AK9,TER!$K$5:$N$45,4,TRUE),0))) -> 0 | AM9: =IF($O9="Ya",AK9*AL9,0) -> 0 | AN9: =AK9+AM9 -> 0 | AO9: =IF($L9="TER A",VLOOKUP(AK9,TER!$A$5:$D$48,4,TRUE),IF($L9="TER B",VLOOKUP(AK9,TER!$F$5:$I$44,4,TRUE),IF($L9="TER C",VLOOKUP(AK9,TER!$K$5:$N$45,4,TRUE),0))) -> 0 | AP9: =ROUND(AN9*AO9,0) -> 0 | AR9: ='Data Gaji'!EL9 -> 0 | AS9: =IF($L9="TER A",VLOOKUP(AR9,TER!$A$5:$D$48,4,TRUE),IF($L9="TER B",VLOOKUP(AR9,TER!$F$5:$I$44,4,TRUE),IF($L9="TER C",VLOOKUP(AR9,TER!$K$5:$N$45,4,TRUE),0))) -> 0 | AT9: =IF($O9="Ya",AR9*AS9,0) -> 0 | AU9: =AR9+AT9 -> 0 | AV9: =IF($L9="TER A",VLOOKUP(AR9,TER!$A$5:$D$48,4,TRUE),IF($L9="TER B",VLOOKUP(AR9,TER!$F$5:$I$44,4,TRUE),IF($L9="TER C",VLOOKUP(AR9,TER!$K$5:$N$45,4,TRUE),0))) -> 0 | AW9: =ROUND(AU9*AV9,0) -> 0 | AY9: ='Data Gaji'!FL9 -> 0 | AZ9: =IF($L9="TER A",VLOOKUP(AY9,TER!$A$5:$D$48,4,TRUE),IF($L9="TER B",VLOOKUP(AY9,TER!$F$5:$I$44,4,TRUE),IF($L9="TER C",VLOOKUP(AY9,TER!$K$5:$N$45,4,TRUE),0))) -> 0 | BA9: =IF($O9="Ya",AY9*AZ9,0) -> 0 | BB9: =AY9+BA9 -> 0 | BC9: =IF($L9="TER A",VLOOKUP(AY9,TER!$A$5:$D$48,4,TRUE),IF($L9="TER B",VLOOKUP(AY9,TER!$F$5:$I$44,4,TRUE),IF($L9="TER C",VLOOKUP(AY9,TER!$K$5:$N$45,4,TRUE),0))) -> 0 | BD9: =ROUND(BB9*BC9,0) -> 0 | BF9: ='Data Gaji'!GL9 -> 0 | BG9: =IF($L9="TER A",VLOOKUP(BF9,TER!$A$5:$D$48,4,TRUE),IF($L9="TER B",VLOOKUP(BF9,TER!$F$5:$I$44,4,TRUE),IF($L9="TER C",VLOOKUP(BF9,TER!$K$5:$N$45,4,TRUE),0))) -> 0 | BH9: =IF($O9="Ya",BF9*BG9,0) -> 0 | BI9: =BF9+BH9 -> 0 | BJ9: =IF($L9="TER A",VLOOKUP(BF9,TER!$A$5:$D$48,4,TRUE),IF($L9="TER B",VLOOKUP(BF9,TER!$F$5:$I$44,4,TRUE),IF($L9="TER C",VLOOKUP(BF9,TER!$K$5:$N$45,4,TRUE),0))) -> 0 | BK9: =ROUND(BI9*BJ9,0) -> 0 | BM9: ='Data Gaji'!HL9 -> 0 | BN9: =IF($L9="TER A",VLOOKUP(BM9,TER!$A$5:$D$48,4,TRUE),IF($L9="TER B",VLOOKUP(BM9,TER!$F$5:$I$44,4,TRUE),IF($L9="TER C",VLOOKUP(BM9,TER!$K$5:$N$45,4,TRUE),0))) -> 0 | BO9: =IF($O9="Ya",BM9*BN9,0) -> 0 | BP9: =BM9+BO9 -> 0 | BQ9: =IF($L9="TER A",VLOOKUP(BM9,TER!$A$5:$D$48,4,TRUE),IF($L9="TER B",VLOOKUP(BM9,TER!$F$5:$I$44,4,TRUE),IF($L9="TER C",VLOOKUP(BM9,TER!$K$5:$N$45,4,TRUE),0))) -> 0 | BR9: =ROUND(BP9*BQ9,0) -> 0 | BT9: ='Data Gaji'!IL9 -> 0 | BU9: =IF($L9="TER A",VLOOKUP(BT9,TER!$A$5:$D$48,4,TRUE),IF($L9="TER B",VLOOKUP(BT9,TER!$F$5:$I$44,4,TRUE),IF($L9="TER C",VLOOKUP(BT9,TER!$K$5:$N$45,4,TRUE),0))) -> 0 | BV9: =IF($O9="Ya",BT9*BU9,0) -> 0 | BW9: =BT9+BV9 -> 0 | BX9: =IF($L9="TER A",VLOOKUP(BT9,TER!$A$5:$D$48,4,TRUE),IF($L9="TER B",VLOOKUP(BT9,TER!$F$5:$I$44,4,TRUE),IF($L9="TER C",VLOOKUP(BT9,TER!$K$5:$N$45,4,TRUE),0))) -> 0 | BY9: =ROUND(BW9*BX9,0) -> 0 | CA9: ='Data Gaji'!JL9 -> 0 | CB9: =IF($L9="TER A",VLOOKUP(CA9,TER!$A$5:$D$48,4,TRUE),IF($L9="TER B",VLOOKUP(CA9,TER!$F$5:$I$44,4,TRUE),IF($L9="TER C",VLOOKUP(CA9,TER!$K$5:$N$45,4,TRUE),0))) -> 0 | CC9: =IF($O9="Ya",CA9*CB9,0) -> 0 | CD9: =CA9+CC9 -> 0 | CE9: =IF($L9="TER A",VLOOKUP(CA9,TER!$A$5:$D$48,4,TRUE),IF($L9="TER B",VLOOKUP(CA9,TER!$F$5:$I$44,4,TRUE),IF($L9="TER C",VLOOKUP(CA9,TER!$K$5:$N$45,4,TRUE),0))) -> 0 | CF9: =ROUND(CD9*CE9,0) -> 0 | CH9: ='Data Gaji'!KL9 -> 0 | CI9: =IF($L9="TER A",VLOOKUP(CH9,TER!$A$5:$D$48,4,TRUE),IF($L9="TER B",VLOOKUP(CH9,TER!$F$5:$I$44,4,TRUE),IF($L9="TER C",VLOOKUP(CH9,TER!$K$5:$N$45,4,TRUE),0))) -> 0 | CJ9: =IF($O9="Ya",CH9*CI9,0) -> 0 | CK9: =CH9+CJ9 -> 0 | CL9: =IF($L9="TER A",VLOOKUP(CH9,TER!$A$5:$D$48,4,TRUE),IF($L9="TER B",VLOOKUP(CH9,TER!$F$5:$I$44,4,TRUE),IF($L9="TER C",VLOOKUP(CH9,TER!$K$5:$N$45,4,TRUE),0))) -> 0 | CM9: =ROUND(CK9*CL9,0) -> 0 | CO9: ='Data Gaji'!LL9 -> 0 | CP9: =IF($L9="TER A",VLOOKUP(CO9,TER!$A$5:$D$48,4,TRUE),IF($L9="TER B",VLOOKUP(CO9,TER!$F$5:$I$44,4,TRUE),IF($L9="TER C",VLOOKUP(CO9,TER!$K$5:$N$45,4,TRUE),0))) -> 0 | CQ9: =IF($O9="Ya",CO9*CP9,0) -> 0 | CR9: =CO9+CQ9 -> 0 | CS9: =IF($L9="TER A",VLOOKUP(CO9,TER!$A$5:$D$48,4,TRUE),IF($L9="TER B",VLOOKUP(CO9,TER!$F$5:$I$44,4,TRUE),IF($L9="TER C",VLOOKUP(CO9,TER!$K$5:$N$45,4,TRUE),0))) -> 0 | CT9: =CR9*CS9 -> 0
A10: =A9+1 -> 4 | K10: ='Data Gaji'!K10 -> 0 | L10: =IF(ISNA(VLOOKUP(K10,'PTKP & TARIF'!$D$4:$E$11,2,0)),"",VLOOKUP(K10,'PTKP & TARIF'!$D$4:$E$11,2,0)) | M10: 26 | N10: 26 | O10: TIDAK | P10: ='Data Gaji'!AL10 -> 0 | Q10: =IF($L10="TER A",VLOOKUP(P10,TER!$A$5:$D$48,4,TRUE),IF($L10="TER B",VLOOKUP(P10,TER!$F$5:$I$44,4,TRUE),IF($L10="TER C",VLOOKUP(P10,TER!$K$5:$N$45,4,TRUE),0))) -> 0 | R10: =IF($O10="Ya",P10*Q10,0) -> 0 | S10: =P10+R10 -> 0 | T10: =IF($L10="TER A",VLOOKUP(P10,TER!$A$5:$D$48,4,TRUE),IF($L10="TER B",VLOOKUP(P10,TER!$F$5:$I$44,4,TRUE),IF($L10="TER C",VLOOKUP(P10,TER!$K$5:$N$45,4,TRUE),0))) -> 0 | U10: =ROUND(S10*T10,0) -> 0 | W10: ='Data Gaji'!BL10 -> 0 | X10: =IF($L10="TER A",VLOOKUP(W10,TER!$A$5:$D$48,4,TRUE),IF($L10="TER B",VLOOKUP(W10,TER!$F$5:$I$44,4,TRUE),IF($L10="TER C",VLOOKUP(W10,TER!$K$5:$N$45,4,TRUE),0))) -> 0 | Y10: =IF($O10="Ya",W10*X10,0) -> 0 | Z10: =W10+Y10 -> 0 | AA10: =IF($L10="TER A",VLOOKUP(W10,TER!$A$5:$D$48,4,TRUE),IF($L10="TER B",VLOOKUP(W10,TER!$F$5:$I$44,4,TRUE),IF($L10="TER C",VLOOKUP(W10,TER!$K$5:$N$45,4,TRUE),0))) -> 0 | AB10: =ROUND(Z10*AA10,0) -> 0 | AD10: ='Data Gaji'!CL10 -> 0 | AE10: =IF($L10="TER A",VLOOKUP(AD10,TER!$A$5:$D$48,4,TRUE),IF($L10="TER B",VLOOKUP(AD10,TER!$F$5:$I$44,4,TRUE),IF($L10="TER C",VLOOKUP(AD10,TER!$K$5:$N$45,4,TRUE),0))) -> 0 | AF10: =IF($O10="Ya",AD10*AE10,0) -> 0 | AG10: =AD10+AF10 -> 0 | AH10: =IF($L10="TER A",VLOOKUP(AD10,TER!$A$5:$D$48,4,TRUE),IF($L10="TER B",VLOOKUP(AD10,TER!$F$5:$I$44,4,TRUE),IF($L10="TER C",VLOOKUP(AD10,TER!$K$5:$N$45,4,TRUE),0))) -> 0 | AI10: =ROUND(AG10*AH10,0) -> 0 | AK10: ='Data Gaji'!DL10 -> 0 | AL10: =IF($L10="TER A",VLOOKUP(AK10,TER!$A$5:$D$48,4,TRUE),IF($L10="TER B",VLOOKUP(AK10,TER!$F$5:$I$44,4,TRUE),IF($L10="TER C",VLOOKUP(AK10,TER!$K$5:$N$45,4,TRUE),0))) -> 0 | AM10: =IF($O10="Ya",AK10*AL10,0) -> 0 | AN10: =AK10+AM10 -> 0 | AO10: =IF($L10="TER A",VLOOKUP(AK10,TER!$A$5:$D$48,4,TRUE),IF($L10="TER B",VLOOKUP(AK10,TER!$F$5:$I$44,4,TRUE),IF($L10="TER C",VLOOKUP(AK10,TER!$K$5:$N$45,4,TRUE),0))) -> 0 | AP10: =ROUND(AN10*AO10,0) -> 0 | AR10: ='Data Gaji'!EL10 -> 0 | AS10: =IF($L10="TER A",VLOOKUP(AR10,TER!$A$5:$D$48,4,TRUE),IF($L10="TER B",VLOOKUP(AR10,TER!$F$5:$I$44,4,TRUE),IF($L10="TER C",VLOOKUP(AR10,TER!$K$5:$N$45,4,TRUE),0))) -> 0 | AT10: =IF($O10="Ya",AR10*AS10,0) -> 0 | AU10: =AR10+AT10 -> 0 | AV10: =IF($L10="TER A",VLOOKUP(AR10,TER!$A$5:$D$48,4,TRUE),IF($L10="TER B",VLOOKUP(AR10,TER!$F$5:$I$44,4,TRUE),IF($L10="TER C",VLOOKUP(AR10,TER!$K$5:$N$45,4,TRUE),0))) -> 0 | AW10: =ROUND(AU10*AV10,0) -> 0 | AY10: ='Data Gaji'!FL10 -> 0 | AZ10: =IF($L10="TER A",VLOOKUP(AY10,TER!$A$5:$D$48,4,TRUE),IF($L10="TER B",VLOOKUP(AY10,TER!$F$5:$I$44,4,TRUE),IF($L10="TER C",VLOOKUP(AY10,TER!$K$5:$N$45,4,TRUE),0))) -> 0 | BA10: =IF($O10="Ya",AY10*AZ10,0) -> 0 | BB10: =AY10+BA10 -> 0 | BC10: =IF($L10="TER A",VLOOKUP(AY10,TER!$A$5:$D$48,4,TRUE),IF($L10="TER B",VLOOKUP(AY10,TER!$F$5:$I$44,4,TRUE),IF($L10="TER C",VLOOKUP(AY10,TER!$K$5:$N$45,4,TRUE),0))) -> 0 | BD10: =ROUND(BB10*BC10,0) -> 0 | BF10: ='Data Gaji'!GL10 -> 0 | BG10: =IF($L10="TER A",VLOOKUP(BF10,TER!$A$5:$D$48,4,TRUE),IF($L10="TER B",VLOOKUP(BF10,TER!$F$5:$I$44,4,TRUE),IF($L10="TER C",VLOOKUP(BF10,TER!$K$5:$N$45,4,TRUE),0))) -> 0 | BH10: =IF($O10="Ya",BF10*BG10,0) -> 0 | BI10: =BF10+BH10 -> 0 | BJ10: =IF($L10="TER A",VLOOKUP(BF10,TER!$A$5:$D$48,4,TRUE),IF($L10="TER B",VLOOKUP(BF10,TER!$F$5:$I$44,4,TRUE),IF($L10="TER C",VLOOKUP(BF10,TER!$K$5:$N$45,4,TRUE),0))) -> 0 | BK10: =ROUND(BI10*BJ10,0) -> 0 | BM10: ='Data Gaji'!HL10 -> 0 | BN10: =IF($L10="TER A",VLOOKUP(BM10,TER!$A$5:$D$48,4,TRUE),IF($L10="TER B",VLOOKUP(BM10,TER!$F$5:$I$44,4,TRUE),IF($L10="TER C",VLOOKUP(BM10,TER!$K$5:$N$45,4,TRUE),0))) -> 0 | BO10: =IF($O10="Ya",BM10*BN10,0) -> 0 | BP10: =BM10+BO10 -> 0 | BQ10: =IF($L10="TER A",VLOOKUP(BM10,TER!$A$5:$D$48,4,TRUE),IF($L10="TER B",VLOOKUP(BM10,TER!$F$5:$I$44,4,TRUE),IF($L10="TER C",VLOOKUP(BM10,TER!$K$5:$N$45,4,TRUE),0))) -> 0 | BR10: =ROUND(BP10*BQ10,0) -> 0 | BT10: ='Data Gaji'!IL10 -> 0 | BU10: =IF($L10="TER A",VLOOKUP(BT10,TER!$A$5:$D$48,4,TRUE),IF($L10="TER B",VLOOKUP(BT10,TER!$F$5:$I$44,4,TRUE),IF($L10="TER C",VLOOKUP(BT10,TER!$K$5:$N$45,4,TRUE),0))) -> 0 | BV10: =IF($O10="Ya",BT10*BU10,0) -> 0 | BW10: =BT10+BV10 -> 0 | BX10: =IF($L10="TER A",VLOOKUP(BT10,TER!$A$5:$D$48,4,TRUE),IF($L10="TER B",VLOOKUP(BT10,TER!$F$5:$I$44,4,TRUE),IF($L10="TER C",VLOOKUP(BT10,TER!$K$5:$N$45,4,TRUE),0))) -> 0 | BY10: =ROUND(BW10*BX10,0) -> 0 | CA10: ='Data Gaji'!JL10 -> 0 | CB10: =IF($L10="TER A",VLOOKUP(CA10,TER!$A$5:$D$48,4,TRUE),IF($L10="TER B",VLOOKUP(CA10,TER!$F$5:$I$44,4,TRUE),IF($L10="TER C",VLOOKUP(CA10,TER!$K$5:$N$45,4,TRUE),0))) -> 0 | CC10: =IF($O10="Ya",CA10*CB10,0) -> 0 | CD10: =CA10+CC10 -> 0 | CE10: =IF($L10="TER A",VLOOKUP(CA10,TER!$A$5:$D$48,4,TRUE),IF($L10="TER B",VLOOKUP(CA10,TER!$F$5:$I$44,4,TRUE),IF($L10="TER C",VLOOKUP(CA10,TER!$K$5:$N$45,4,TRUE),0))) -> 0 | CF10: =ROUND(CD10*CE10,0) -> 0 | CH10: ='Data Gaji'!KL10 -> 0 | CI10: =IF($L10="TER A",VLOOKUP(CH10,TER!$A$5:$D$48,4,TRUE),IF($L10="TER B",VLOOKUP(CH10,TER!$F$5:$I$44,4,TRUE),IF($L10="TER C",VLOOKUP(CH10,TER!$K$5:$N$45,4,TRUE),0))) -> 0 | CJ10: =IF($O10="Ya",CH10*CI10,0) -> 0 | CK10: =CH10+CJ10 -> 0 | CL10: =IF($L10="TER A",VLOOKUP(CH10,TER!$A$5:$D$48,4,TRUE),IF($L10="TER B",VLOOKUP(CH10,TER!$F$5:$I$44,4,TRUE),IF($L10="TER C",VLOOKUP(CH10,TER!$K$5:$N$45,4,TRUE),0))) -> 0 | CM10: =ROUND(CK10*CL10,0) -> 0 | CO10: ='Data Gaji'!LL10 -> 0 | CP10: =IF($L10="TER A",VLOOKUP(CO10,TER!$A$5:$D$48,4,TRUE),IF($L10="TER B",VLOOKUP(CO10,TER!$F$5:$I$44,4,TRUE),IF($L10="TER C",VLOOKUP(CO10,TER!$K$5:$N$45,4,TRUE),0))) -> 0 | CQ10: =IF($O10="Ya",CO10*CP10,0) -> 0 | CR10: =CO10+CQ10 -> 0 | CS10: =IF($L10="TER A",VLOOKUP(CO10,TER!$A$5:$D$48,4,TRUE),IF($L10="TER B",VLOOKUP(CO10,TER!$F$5:$I$44,4,TRUE),IF($L10="TER C",VLOOKUP(CO10,TER!$K$5:$N$45,4,TRUE),0))) -> 0 | CT10: =CR10*CS10 -> 0
A11: =A10+1 -> 5 | K11: ='Data Gaji'!K11 -> 0 | L11: =IF(ISNA(VLOOKUP(K11,'PTKP & TARIF'!$D$4:$E$11,2,0)),"",VLOOKUP(K11,'PTKP & TARIF'!$D$4:$E$11,2,0)) | M11: 26 | N11: 26 | O11: TIDAK | P11: ='Data Gaji'!AL11 -> 0 | Q11: =IF($L11="TER A",VLOOKUP(P11,TER!$A$5:$D$48,4,TRUE),IF($L11="TER B",VLOOKUP(P11,TER!$F$5:$I$44,4,TRUE),IF($L11="TER C",VLOOKUP(P11,TER!$K$5:$N$45,4,TRUE),0))) -> 0 | R11: =IF($O11="Ya",P11*Q11,0) -> 0 | S11: =P11+R11 -> 0 | T11: =IF($L11="TER A",VLOOKUP(P11,TER!$A$5:$D$48,4,TRUE),IF($L11="TER B",VLOOKUP(P11,TER!$F$5:$I$44,4,TRUE),IF($L11="TER C",VLOOKUP(P11,TER!$K$5:$N$45,4,TRUE),0))) -> 0 | U11: =ROUND(S11*T11,0) -> 0 | W11: ='Data Gaji'!BL11 -> 0 | X11: =IF($L11="TER A",VLOOKUP(W11,TER!$A$5:$D$48,4,TRUE),IF($L11="TER B",VLOOKUP(W11,TER!$F$5:$I$44,4,TRUE),IF($L11="TER C",VLOOKUP(W11,TER!$K$5:$N$45,4,TRUE),0))) -> 0 | Y11: =IF($O11="Ya",W11*X11,0) -> 0 | Z11: =W11+Y11 -> 0 | AA11: =IF($L11="TER A",VLOOKUP(W11,TER!$A$5:$D$48,4,TRUE),IF($L11="TER B",VLOOKUP(W11,TER!$F$5:$I$44,4,TRUE),IF($L11="TER C",VLOOKUP(W11,TER!$K$5:$N$45,4,TRUE),0))) -> 0 | AB11: =ROUND(Z11*AA11,0) -> 0 | AD11: ='Data Gaji'!CL11 -> 0 | AE11: =IF($L11="TER A",VLOOKUP(AD11,TER!$A$5:$D$48,4,TRUE),IF($L11="TER B",VLOOKUP(AD11,TER!$F$5:$I$44,4,TRUE),IF($L11="TER C",VLOOKUP(AD11,TER!$K$5:$N$45,4,TRUE),0))) -> 0 | AF11: =IF($O11="Ya",AD11*AE11,0) -> 0 | AG11: =AD11+AF11 -> 0 | AH11: =IF($L11="TER A",VLOOKUP(AD11,TER!$A$5:$D$48,4,TRUE),IF($L11="TER B",VLOOKUP(AD11,TER!$F$5:$I$44,4,TRUE),IF($L11="TER C",VLOOKUP(AD11,TER!$K$5:$N$45,4,TRUE),0))) -> 0 | AI11: =ROUND(AG11*AH11,0) -> 0 | AK11: ='Data Gaji'!DL11 -> 0 | AL11: =IF($L11="TER A",VLOOKUP(AK11,TER!$A$5:$D$48,4,TRUE),IF($L11="TER B",VLOOKUP(AK11,TER!$F$5:$I$44,4,TRUE),IF($L11="TER C",VLOOKUP(AK11,TER!$K$5:$N$45,4,TRUE),0))) -> 0 | AM11: =IF($O11="Ya",AK11*AL11,0) -> 0 | AN11: =AK11+AM11 -> 0 | AO11: =IF($L11="TER A",VLOOKUP(AK11,TER!$A$5:$D$48,4,TRUE),IF($L11="TER B",VLOOKUP(AK11,TER!$F$5:$I$44,4,TRUE),IF($L11="TER C",VLOOKUP(AK11,TER!$K$5:$N$45,4,TRUE),0))) -> 0 | AP11: =ROUND(AN11*AO11,0) -> 0 | AR11: ='Data Gaji'!EL11 -> 0 | AS11: =IF($L11="TER A",VLOOKUP(AR11,TER!$A$5:$D$48,4,TRUE),IF($L11="TER B",VLOOKUP(AR11,TER!$F$5:$I$44,4,TRUE),IF($L11="TER C",VLOOKUP(AR11,TER!$K$5:$N$45,4,TRUE),0))) -> 0 | AT11: =IF($O11="Ya",AR11*AS11,0) -> 0 | AU11: =AR11+AT11 -> 0 | AV11: =IF($L11="TER A",VLOOKUP(AR11,TER!$A$5:$D$48,4,TRUE),IF($L11="TER B",VLOOKUP(AR11,TER!$F$5:$I$44,4,TRUE),IF($L11="TER C",VLOOKUP(AR11,TER!$K$5:$N$45,4,TRUE),0))) -> 0 | AW11: =ROUND(AU11*AV11,0) -> 0 | AY11: ='Data Gaji'!FL11 -> 0 | AZ11: =IF($L11="TER A",VLOOKUP(AY11,TER!$A$5:$D$48,4,TRUE),IF($L11="TER B",VLOOKUP(AY11,TER!$F$5:$I$44,4,TRUE),IF($L11="TER C",VLOOKUP(AY11,TER!$K$5:$N$45,4,TRUE),0))) -> 0 | BA11: =IF($O11="Ya",AY11*AZ11,0) -> 0 | BB11: =AY11+BA11 -> 0 | BC11: =IF($L11="TER A",VLOOKUP(AY11,TER!$A$5:$D$48,4,TRUE),IF($L11="TER B",VLOOKUP(AY11,TER!$F$5:$I$44,4,TRUE),IF($L11="TER C",VLOOKUP(AY11,TER!$K$5:$N$45,4,TRUE),0))) -> 0 | BD11: =ROUND(BB11*BC11,0) -> 0 | BF11: ='Data Gaji'!GL11 -> 0 | BG11: =IF($L11="TER A",VLOOKUP(BF11,TER!$A$5:$D$48,4,TRUE),IF($L11="TER B",VLOOKUP(BF11,TER!$F$5:$I$44,4,TRUE),IF($L11="TER C",VLOOKUP(BF11,TER!$K$5:$N$45,4,TRUE),0))) -> 0 | BH11: =IF($O11="Ya",BF11*BG11,0) -> 0 | BI11: =BF11+BH11 -> 0 | BJ11: =IF($L11="TER A",VLOOKUP(BF11,TER!$A$5:$D$48,4,TRUE),IF($L11="TER B",VLOOKUP(BF11,TER!$F$5:$I$44,4,TRUE),IF($L11="TER C",VLOOKUP(BF11,TER!$K$5:$N$45,4,TRUE),0))) -> 0 | BK11: =ROUND(BI11*BJ11,0) -> 0 | BM11: ='Data Gaji'!HL11 -> 0 | BN11: =IF($L11="TER A",VLOOKUP(BM11,TER!$A$5:$D$48,4,TRUE),IF($L11="TER B",VLOOKUP(BM11,TER!$F$5:$I$44,4,TRUE),IF($L11="TER C",VLOOKUP(BM11,TER!$K$5:$N$45,4,TRUE),0))) -> 0 | BO11: =IF($O11="Ya",BM11*BN11,0) -> 0 | BP11: =BM11+BO11 -> 0 | BQ11: =IF($L11="TER A",VLOOKUP(BM11,TER!$A$5:$D$48,4,TRUE),IF($L11="TER B",VLOOKUP(BM11,TER!$F$5:$I$44,4,TRUE),IF($L11="TER C",VLOOKUP(BM11,TER!$K$5:$N$45,4,TRUE),0))) -> 0 | BR11: =ROUND(BP11*BQ11,0) -> 0 | BT11: ='Data Gaji'!IL11 -> 0 | BU11: =IF($L11="TER A",VLOOKUP(BT11,TER!$A$5:$D$48,4,TRUE),IF($L11="TER B",VLOOKUP(BT11,TER!$F$5:$I$44,4,TRUE),IF($L11="TER C",VLOOKUP(BT11,TER!$K$5:$N$45,4,TRUE),0))) -> 0 | BV11: =IF($O11="Ya",BT11*BU11,0) -> 0 | BW11: =BT11+BV11 -> 0 | BX11: =IF($L11="TER A",VLOOKUP(BT11,TER!$A$5:$D$48,4,TRUE),IF($L11="TER B",VLOOKUP(BT11,TER!$F$5:$I$44,4,TRUE),IF($L11="TER C",VLOOKUP(BT11,TER!$K$5:$N$45,4,TRUE),0))) -> 0 | BY11: =ROUND(BW11*BX11,0) -> 0 | CA11: ='Data Gaji'!JL11 -> 0 | CB11: =IF($L11="TER A",VLOOKUP(CA11,TER!$A$5:$D$48,4,TRUE),IF($L11="TER B",VLOOKUP(CA11,TER!$F$5:$I$44,4,TRUE),IF($L11="TER C",VLOOKUP(CA11,TER!$K$5:$N$45,4,TRUE),0))) -> 0 | CC11: =IF($O11="Ya",CA11*CB11,0) -> 0 | CD11: =CA11+CC11 -> 0 | CE11: =IF($L11="TER A",VLOOKUP(CA11,TER!$A$5:$D$48,4,TRUE),IF($L11="TER B",VLOOKUP(CA11,TER!$F$5:$I$44,4,TRUE),IF($L11="TER C",VLOOKUP(CA11,TER!$K$5:$N$45,4,TRUE),0))) -> 0 | CF11: =ROUND(CD11*CE11,0) -> 0 | CH11: ='Data Gaji'!KL11 -> 0 | CI11: =IF($L11="TER A",VLOOKUP(CH11,TER!$A$5:$D$48,4,TRUE),IF($L11="TER B",VLOOKUP(CH11,TER!$F$5:$I$44,4,TRUE),IF($L11="TER C",VLOOKUP(CH11,TER!$K$5:$N$45,4,TRUE),0))) -> 0 | CJ11: =IF($O11="Ya",CH11*CI11,0) -> 0 | CK11: =CH11+CJ11 -> 0 | CL11: =IF($L11="TER A",VLOOKUP(CH11,TER!$A$5:$D$48,4,TRUE),IF($L11="TER B",VLOOKUP(CH11,TER!$F$5:$I$44,4,TRUE),IF($L11="TER C",VLOOKUP(CH11,TER!$K$5:$N$45,4,TRUE),0))) -> 0 | CM11: =ROUND(CK11*CL11,0) -> 0 | CO11: ='Data Gaji'!LL11 -> 0 | CP11: =IF($L11="TER A",VLOOKUP(CO11,TER!$A$5:$D$48,4,TRUE),IF($L11="TER B",VLOOKUP(CO11,TER!$F$5:$I$44,4,TRUE),IF($L11="TER C",VLOOKUP(CO11,TER!$K$5:$N$45,4,TRUE),0))) -> 0 | CQ11: =IF($O11="Ya",CO11*CP11,0) -> 0 | CR11: =CO11+CQ11 -> 0 | CS11: =IF($L11="TER A",VLOOKUP(CO11,TER!$A$5:$D$48,4,TRUE),IF($L11="TER B",VLOOKUP(CO11,TER!$F$5:$I$44,4,TRUE),IF($L11="TER C",VLOOKUP(CO11,TER!$K$5:$N$45,4,TRUE),0))) -> 0 | CT11: =CR11*CS11 -> 0
A12: =A11+1 -> 6 | K12: ='Data Gaji'!K12 -> 0 | L12: =IF(ISNA(VLOOKUP(K12,'PTKP & TARIF'!$D$4:$E$11,2,0)),"",VLOOKUP(K12,'PTKP & TARIF'!$D$4:$E$11,2,0)) | M12: 26 | N12: 26 | O12: TIDAK | P12: ='Data Gaji'!AL12 -> 0 | Q12: =IF($L12="TER A",VLOOKUP(P12,TER!$A$5:$D$48,4,TRUE),IF($L12="TER B",VLOOKUP(P12,TER!$F$5:$I$44,4,TRUE),IF($L12="TER C",VLOOKUP(P12,TER!$K$5:$N$45,4,TRUE),0))) -> 0 | R12: =IF($O12="Ya",P12*Q12,0) -> 0 | S12: =P12+R12 -> 0 | T12: =IF($L12="TER A",VLOOKUP(P12,TER!$A$5:$D$48,4,TRUE),IF($L12="TER B",VLOOKUP(P12,TER!$F$5:$I$44,4,TRUE),IF($L12="TER C",VLOOKUP(P12,TER!$K$5:$N$45,4,TRUE),0))) -> 0 | U12: =ROUND(S12*T12,0) -> 0 | W12: ='Data Gaji'!BL12 -> 0 | X12: =IF($L12="TER A",VLOOKUP(W12,TER!$A$5:$D$48,4,TRUE),IF($L12="TER B",VLOOKUP(W12,TER!$F$5:$I$44,4,TRUE),IF($L12="TER C",VLOOKUP(W12,TER!$K$5:$N$45,4,TRUE),0))) -> 0 | Y12: =IF($O12="Ya",W12*X12,0) -> 0 | Z12: =W12+Y12 -> 0 | AA12: =IF($L12="TER A",VLOOKUP(W12,TER!$A$5:$D$48,4,TRUE),IF($L12="TER B",VLOOKUP(W12,TER!$F$5:$I$44,4,TRUE),IF($L12="TER C",VLOOKUP(W12,TER!$K$5:$N$45,4,TRUE),0))) -> 0 | AB12: =ROUND(Z12*AA12,0) -> 0 | AD12: ='Data Gaji'!CL12 -> 0 | AE12: =IF($L12="TER A",VLOOKUP(AD12,TER!$A$5:$D$48,4,TRUE),IF($L12="TER B",VLOOKUP(AD12,TER!$F$5:$I$44,4,TRUE),IF($L12="TER C",VLOOKUP(AD12,TER!$K$5:$N$45,4,TRUE),0))) -> 0 | AF12: =IF($O12="Ya",AD12*AE12,0) -> 0 | AG12: =AD12+AF12 -> 0 | AH12: =IF($L12="TER A",VLOOKUP(AD12,TER!$A$5:$D$48,4,TRUE),IF($L12="TER B",VLOOKUP(AD12,TER!$F$5:$I$44,4,TRUE),IF($L12="TER C",VLOOKUP(AD12,TER!$K$5:$N$45,4,TRUE),0))) -> 0 | AI12: =ROUND(AG12*AH12,0) -> 0 | AK12: ='Data Gaji'!DL12 -> 0 | AL12: =IF($L12="TER A",VLOOKUP(AK12,TER!$A$5:$D$48,4,TRUE),IF($L12="TER B",VLOOKUP(AK12,TER!$F$5:$I$44,4,TRUE),IF($L12="TER C",VLOOKUP(AK12,TER!$K$5:$N$45,4,TRUE),0))) -> 0 | AM12: =IF($O12="Ya",AK12*AL12,0) -> 0 | AN12: =AK12+AM12 -> 0 | AO12: =IF($L12="TER A",VLOOKUP(AK12,TER!$A$5:$D$48,4,TRUE),IF($L12="TER B",VLOOKUP(AK12,TER!$F$5:$I$44,4,TRUE),IF($L12="TER C",VLOOKUP(AK12,TER!$K$5:$N$45,4,TRUE),0))) -> 0 | AP12: =ROUND(AN12*AO12,0) -> 0 | AR12: ='Data Gaji'!EL12 -> 0 | AS12: =IF($L12="TER A",VLOOKUP(AR12,TER!$A$5:$D$48,4,TRUE),IF($L12="TER B",VLOOKUP(AR12,TER!$F$5:$I$44,4,TRUE),IF($L12="TER C",VLOOKUP(AR12,TER!$K$5:$N$45,4,TRUE),0))) -> 0 | AT12: =IF($O12="Ya",AR12*AS12,0) -> 0 | AU12: =AR12+AT12 -> 0 | AV12: =IF($L12="TER A",VLOOKUP(AR12,TER!$A$5:$D$48,4,TRUE),IF($L12="TER B",VLOOKUP(AR12,TER!$F$5:$I$44,4,TRUE),IF($L12="TER C",VLOOKUP(AR12,TER!$K$5:$N$45,4,TRUE),0))) -> 0 | AW12: =ROUND(AU12*AV12,0) -> 0 | AY12: ='Data Gaji'!FL12 -> 0 | AZ12: =IF($L12="TER A",VLOOKUP(AY12,TER!$A$5:$D$48,4,TRUE),IF($L12="TER B",VLOOKUP(AY12,TER!$F$5:$I$44,4,TRUE),IF($L12="TER C",VLOOKUP(AY12,TER!$K$5:$N$45,4,TRUE),0))) -> 0 | BA12: =IF($O12="Ya",AY12*AZ12,0) -> 0 | BB12: =AY12+BA12 -> 0 | BC12: =IF($L12="TER A",VLOOKUP(AY12,TER!$A$5:$D$48,4,TRUE),IF($L12="TER B",VLOOKUP(AY12,TER!$F$5:$I$44,4,TRUE),IF($L12="TER C",VLOOKUP(AY12,TER!$K$5:$N$45,4,TRUE),0))) -> 0 | BD12: =ROUND(BB12*BC12,0) -> 0 | BF12: ='Data Gaji'!GL12 -> 0 | BG12: =IF($L12="TER A",VLOOKUP(BF12,TER!$A$5:$D$48,4,TRUE),IF($L12="TER B",VLOOKUP(BF12,TER!$F$5:$I$44,4,TRUE),IF($L12="TER C",VLOOKUP(BF12,TER!$K$5:$N$45,4,TRUE),0))) -> 0 | BH12: =IF($O12="Ya",BF12*BG12,0) -> 0 | BI12: =BF12+BH12 -> 0 | BJ12: =IF($L12="TER A",VLOOKUP(BF12,TER!$A$5:$D$48,4,TRUE),IF($L12="TER B",VLOOKUP(BF12,TER!$F$5:$I$44,4,TRUE),IF($L12="TER C",VLOOKUP(BF12,TER!$K$5:$N$45,4,TRUE),0))) -> 0 | BK12: =ROUND(BI12*BJ12,0) -> 0 | BM12: ='Data Gaji'!HL12 -> 0 | BN12: =IF($L12="TER A",VLOOKUP(BM12,TER!$A$5:$D$48,4,TRUE),IF($L12="TER B",VLOOKUP(BM12,TER!$F$5:$I$44,4,TRUE),IF($L12="TER C",VLOOKUP(BM12,TER!$K$5:$N$45,4,TRUE),0))) -> 0 | BO12: =IF($O12="Ya",BM12*BN12,0) -> 0 | BP12: =BM12+BO12 -> 0 | BQ12: =IF($L12="TER A",VLOOKUP(BM12,TER!$A$5:$D$48,4,TRUE),IF($L12="TER B",VLOOKUP(BM12,TER!$F$5:$I$44,4,TRUE),IF($L12="TER C",VLOOKUP(BM12,TER!$K$5:$N$45,4,TRUE),0))) -> 0 | BR12: =ROUND(BP12*BQ12,0) -> 0 | BT12: ='Data Gaji'!IL12 -> 0 | BU12: =IF($L12="TER A",VLOOKUP(BT12,TER!$A$5:$D$48,4,TRUE),IF($L12="TER B",VLOOKUP(BT12,TER!$F$5:$I$44,4,TRUE),IF($L12="TER C",VLOOKUP(BT12,TER!$K$5:$N$45,4,TRUE),0))) -> 0 | BV12: =IF($O12="Ya",BT12*BU12,0) -> 0 | BW12: =BT12+BV12 -> 0 | BX12: =IF($L12="TER A",VLOOKUP(BT12,TER!$A$5:$D$48,4,TRUE),IF($L12="TER B",VLOOKUP(BT12,TER!$F$5:$I$44,4,TRUE),IF($L12="TER C",VLOOKUP(BT12,TER!$K$5:$N$45,4,TRUE),0))) -> 0 | BY12: =ROUND(BW12*BX12,0) -> 0 | CA12: ='Data Gaji'!JL12 -> 0 | CB12: =IF($L12="TER A",VLOOKUP(CA12,TER!$A$5:$D$48,4,TRUE),IF($L12="TER B",VLOOKUP(CA12,TER!$F$5:$I$44,4,TRUE),IF($L12="TER C",VLOOKUP(CA12,TER!$K$5:$N$45,4,TRUE),0))) -> 0 | CC12: =IF($O12="Ya",CA12*CB12,0) -> 0 | CD12: =CA12+CC12 -> 0 | CE12: =IF($L12="TER A",VLOOKUP(CA12,TER!$A$5:$D$48,4,TRUE),IF($L12="TER B",VLOOKUP(CA12,TER!$F$5:$I$44,4,TRUE),IF($L12="TER C",VLOOKUP(CA12,TER!$K$5:$N$45,4,TRUE),0))) -> 0 | CF12: =ROUND(CD12*CE12,0) -> 0 | CH12: ='Data Gaji'!KL12 -> 0 | CI12: =IF($L12="TER A",VLOOKUP(CH12,TER!$A$5:$D$48,4,TRUE),IF($L12="TER B",VLOOKUP(CH12,TER!$F$5:$I$44,4,TRUE),IF($L12="TER C",VLOOKUP(CH12,TER!$K$5:$N$45,4,TRUE),0))) -> 0 | CJ12: =IF($O12="Ya",CH12*CI12,0) -> 0 | CK12: =CH12+CJ12 -> 0 | CL12: =IF($L12="TER A",VLOOKUP(CH12,TER!$A$5:$D$48,4,TRUE),IF($L12="TER B",VLOOKUP(CH12,TER!$F$5:$I$44,4,TRUE),IF($L12="TER C",VLOOKUP(CH12,TER!$K$5:$N$45,4,TRUE),0))) -> 0 | CM12: =ROUND(CK12*CL12,0) -> 0 | CO12: ='Data Gaji'!LL12 -> 0 | CP12: =IF($L12="TER A",VLOOKUP(CO12,TER!$A$5:$D$48,4,TRUE),IF($L12="TER B",VLOOKUP(CO12,TER!$F$5:$I$44,4,TRUE),IF($L12="TER C",VLOOKUP(CO12,TER!$K$5:$N$45,4,TRUE),0))) -> 0 | CQ12: =IF($O12="Ya",CO12*CP12,0) -> 0 | CR12: =CO12+CQ12 -> 0 | CS12: =IF($L12="TER A",VLOOKUP(CO12,TER!$A$5:$D$48,4,TRUE),IF($L12="TER B",VLOOKUP(CO12,TER!$F$5:$I$44,4,TRUE),IF($L12="TER C",VLOOKUP(CO12,TER!$K$5:$N$45,4,TRUE),0))) -> 0 | CT12: =CR12*CS12 -> 0
A13: =A12+1 -> 7 | K13: ='Data Gaji'!K13 -> 0 | L13: =IF(ISNA(VLOOKUP(K13,'PTKP & TARIF'!$D$4:$E$11,2,0)),"",VLOOKUP(K13,'PTKP & TARIF'!$D$4:$E$11,2,0)) | M13: 26 | N13: 26 | O13: TIDAK | P13: ='Data Gaji'!AL13 -> 0 | Q13: =IF($L13="TER A",VLOOKUP(P13,TER!$A$5:$D$48,4,TRUE),IF($L13="TER B",VLOOKUP(P13,TER!$F$5:$I$44,4,TRUE),IF($L13="TER C",VLOOKUP(P13,TER!$K$5:$N$45,4,TRUE),0))) -> 0 | R13: =IF($O13="Ya",P13*Q13,0) -> 0 | S13: =P13+R13 -> 0 | T13: =IF($L13="TER A",VLOOKUP(P13,TER!$A$5:$D$48,4,TRUE),IF($L13="TER B",VLOOKUP(P13,TER!$F$5:$I$44,4,TRUE),IF($L13="TER C",VLOOKUP(P13,TER!$K$5:$N$45,4,TRUE),0))) -> 0 | U13: =ROUND(S13*T13,0) -> 0 | W13: ='Data Gaji'!BL13 -> 0 | X13: =IF($L13="TER A",VLOOKUP(W13,TER!$A$5:$D$48,4,TRUE),IF($L13="TER B",VLOOKUP(W13,TER!$F$5:$I$44,4,TRUE),IF($L13="TER C",VLOOKUP(W13,TER!$K$5:$N$45,4,TRUE),0))) -> 0 | Y13: =IF($O13="Ya",W13*X13,0) -> 0 | Z13: =W13+Y13 -> 0 | AA13: =IF($L13="TER A",VLOOKUP(W13,TER!$A$5:$D$48,4,TRUE),IF($L13="TER B",VLOOKUP(W13,TER!$F$5:$I$44,4,TRUE),IF($L13="TER C",VLOOKUP(W13,TER!$K$5:$N$45,4,TRUE),0))) -> 0 | AB13: =ROUND(Z13*AA13,0) -> 0 | AD13: ='Data Gaji'!CL13 -> 0 | AE13: =IF($L13="TER A",VLOOKUP(AD13,TER!$A$5:$D$48,4,TRUE),IF($L13="TER B",VLOOKUP(AD13,TER!$F$5:$I$44,4,TRUE),IF($L13="TER C",VLOOKUP(AD13,TER!$K$5:$N$45,4,TRUE),0))) -> 0 | AF13: =IF($O13="Ya",AD13*AE13,0) -> 0 | AG13: =AD13+AF13 -> 0 | AH13: =IF($L13="TER A",VLOOKUP(AD13,TER!$A$5:$D$48,4,TRUE),IF($L13="TER B",VLOOKUP(AD13,TER!$F$5:$I$44,4,TRUE),IF($L13="TER C",VLOOKUP(AD13,TER!$K$5:$N$45,4,TRUE),0))) -> 0 | AI13: =ROUND(AG13*AH13,0) -> 0 | AK13: ='Data Gaji'!DL13 -> 0 | AL13: =IF($L13="TER A",VLOOKUP(AK13,TER!$A$5:$D$48,4,TRUE),IF($L13="TER B",VLOOKUP(AK13,TER!$F$5:$I$44,4,TRUE),IF($L13="TER C",VLOOKUP(AK13,TER!$K$5:$N$45,4,TRUE),0))) -> 0 | AM13: =IF($O13="Ya",AK13*AL13,0) -> 0 | AN13: =AK13+AM13 -> 0 | AO13: =IF($L13="TER A",VLOOKUP(AK13,TER!$A$5:$D$48,4,TRUE),IF($L13="TER B",VLOOKUP(AK13,TER!$F$5:$I$44,4,TRUE),IF($L13="TER C",VLOOKUP(AK13,TER!$K$5:$N$45,4,TRUE),0))) -> 0 | AP13: =ROUND(AN13*AO13,0) -> 0 | AR13: ='Data Gaji'!EL13 -> 0 | AS13: =IF($L13="TER A",VLOOKUP(AR13,TER!$A$5:$D$48,4,TRUE),IF($L13="TER B",VLOOKUP(AR13,TER!$F$5:$I$44,4,TRUE),IF($L13="TER C",VLOOKUP(AR13,TER!$K$5:$N$45,4,TRUE),0))) -> 0 | AT13: =IF($O13="Ya",AR13*AS13,0) -> 0 | AU13: =AR13+AT13 -> 0 | AV13: =IF($L13="TER A",VLOOKUP(AR13,TER!$A$5:$D$48,4,TRUE),IF($L13="TER B",VLOOKUP(AR13,TER!$F$5:$I$44,4,TRUE),IF($L13="TER C",VLOOKUP(AR13,TER!$K$5:$N$45,4,TRUE),0))) -> 0 | AW13: =ROUND(AU13*AV13,0) -> 0 | AY13: ='Data Gaji'!FL13 -> 0 | AZ13: =IF($L13="TER A",VLOOKUP(AY13,TER!$A$5:$D$48,4,TRUE),IF($L13="TER B",VLOOKUP(AY13,TER!$F$5:$I$44,4,TRUE),IF($L13="TER C",VLOOKUP(AY13,TER!$K$5:$N$45,4,TRUE),0))) -> 0 | BA13: =IF($O13="Ya",AY13*AZ13,0) -> 0 | BB13: =AY13+BA13 -> 0 | BC13: =IF($L13="TER A",VLOOKUP(AY13,TER!$A$5:$D$48,4,TRUE),IF($L13="TER B",VLOOKUP(AY13,TER!$F$5:$I$44,4,TRUE),IF($L13="TER C",VLOOKUP(AY13,TER!$K$5:$N$45,4,TRUE),0))) -> 0 | BD13: =ROUND(BB13*BC13,0) -> 0 | BF13: ='Data Gaji'!GL13 -> 0 | BG13: =IF($L13="TER A",VLOOKUP(BF13,TER!$A$5:$D$48,4,TRUE),IF($L13="TER B",VLOOKUP(BF13,TER!$F$5:$I$44,4,TRUE),IF($L13="TER C",VLOOKUP(BF13,TER!$K$5:$N$45,4,TRUE),0))) -> 0 | BH13: =IF($O13="Ya",BF13*BG13,0) -> 0 | BI13: =BF13+BH13 -> 0 | BJ13: =IF($L13="TER A",VLOOKUP(BF13,TER!$A$5:$D$48,4,TRUE),IF($L13="TER B",VLOOKUP(BF13,TER!$F$5:$I$44,4,TRUE),IF($L13="TER C",VLOOKUP(BF13,TER!$K$5:$N$45,4,TRUE),0))) -> 0 | BK13: =ROUND(BI13*BJ13,0) -> 0 | BM13: ='Data Gaji'!HL13 -> 0 | BN13: =IF($L13="TER A",VLOOKUP(BM13,TER!$A$5:$D$48,4,TRUE),IF($L13="TER B",VLOOKUP(BM13,TER!$F$5:$I$44,4,TRUE),IF($L13="TER C",VLOOKUP(BM13,TER!$K$5:$N$45,4,TRUE),0))) -> 0 | BO13: =IF($O13="Ya",BM13*BN13,0) -> 0 | BP13: =BM13+BO13 -> 0 | BQ13: =IF($L13="TER A",VLOOKUP(BM13,TER!$A$5:$D$48,4,TRUE),IF($L13="TER B",VLOOKUP(BM13,TER!$F$5:$I$44,4,TRUE),IF($L13="TER C",VLOOKUP(BM13,TER!$K$5:$N$45,4,TRUE),0))) -> 0 | BR13: =ROUND(BP13*BQ13,0) -> 0 | BT13: ='Data Gaji'!IL13 -> 0 | BU13: =IF($L13="TER A",VLOOKUP(BT13,TER!$A$5:$D$48,4,TRUE),IF($L13="TER B",VLOOKUP(BT13,TER!$F$5:$I$44,4,TRUE),IF($L13="TER C",VLOOKUP(BT13,TER!$K$5:$N$45,4,TRUE),0))) -> 0 | BV13: =IF($O13="Ya",BT13*BU13,0) -> 0 | BW13: =BT13+BV13 -> 0 | BX13: =IF($L13="TER A",VLOOKUP(BT13,TER!$A$5:$D$48,4,TRUE),IF($L13="TER B",VLOOKUP(BT13,TER!$F$5:$I$44,4,TRUE),IF($L13="TER C",VLOOKUP(BT13,TER!$K$5:$N$45,4,TRUE),0))) -> 0 | BY13: =ROUND(BW13*BX13,0) -> 0 | CA13: ='Data Gaji'!JL13 -> 0 | CB13: =IF($L13="TER A",VLOOKUP(CA13,TER!$A$5:$D$48,4,TRUE),IF($L13="TER B",VLOOKUP(CA13,TER!$F$5:$I$44,4,TRUE),IF($L13="TER C",VLOOKUP(CA13,TER!$K$5:$N$45,4,TRUE),0))) -> 0 | CC13: =IF($O13="Ya",CA13*CB13,0) -> 0 | CD13: =CA13+CC13 -> 0 | CE13: =IF($L13="TER A",VLOOKUP(CA13,TER!$A$5:$D$48,4,TRUE),IF($L13="TER B",VLOOKUP(CA13,TER!$F$5:$I$44,4,TRUE),IF($L13="TER C",VLOOKUP(CA13,TER!$K$5:$N$45,4,TRUE),0))) -> 0 | CF13: =ROUND(CD13*CE13,0) -> 0 | CH13: ='Data Gaji'!KL13 -> 0 | CI13: =IF($L13="TER A",VLOOKUP(CH13,TER!$A$5:$D$48,4,TRUE),IF($L13="TER B",VLOOKUP(CH13,TER!$F$5:$I$44,4,TRUE),IF($L13="TER C",VLOOKUP(CH13,TER!$K$5:$N$45,4,TRUE),0))) -> 0 | CJ13: =IF($O13="Ya",CH13*CI13,0) -> 0 | CK13: =CH13+CJ13 -> 0 | CL13: =IF($L13="TER A",VLOOKUP(CH13,TER!$A$5:$D$48,4,TRUE),IF($L13="TER B",VLOOKUP(CH13,TER!$F$5:$I$44,4,TRUE),IF($L13="TER C",VLOOKUP(CH13,TER!$K$5:$N$45,4,TRUE),0))) -> 0 | CM13: =ROUND(CK13*CL13,0) -> 0 | CO13: ='Data Gaji'!LL13 -> 0 | CP13: =IF($L13="TER A",VLOOKUP(CO13,TER!$A$5:$D$48,4,TRUE),IF($L13="TER B",VLOOKUP(CO13,TER!$F$5:$I$44,4,TRUE),IF($L13="TER C",VLOOKUP(CO13,TER!$K$5:$N$45,4,TRUE),0))) -> 0 | CQ13: =IF($O13="Ya",CO13*CP13,0) -> 0 | CR13: =CO13+CQ13 -> 0 | CS13: =IF($L13="TER A",VLOOKUP(CO13,TER!$A$5:$D$48,4,TRUE),IF($L13="TER B",VLOOKUP(CO13,TER!$F$5:$I$44,4,TRUE),IF($L13="TER C",VLOOKUP(CO13,TER!$K$5:$N$45,4,TRUE),0))) -> 0 | CT13: =CR13*CS13 -> 0
A14: =A13+1 -> 8 | K14: ='Data Gaji'!K14 -> 0 | L14: =IF(ISNA(VLOOKUP(K14,'PTKP & TARIF'!$D$4:$E$11,2,0)),"",VLOOKUP(K14,'PTKP & TARIF'!$D$4:$E$11,2,0)) | M14: 26 | N14: 26 | O14: TIDAK | P14: ='Data Gaji'!AL14 -> 0 | Q14: =IF($L14="TER A",VLOOKUP(P14,TER!$A$5:$D$48,4,TRUE),IF($L14="TER B",VLOOKUP(P14,TER!$F$5:$I$44,4,TRUE),IF($L14="TER C",VLOOKUP(P14,TER!$K$5:$N$45,4,TRUE),0))) -> 0 | R14: =IF($O14="Ya",P14*Q14,0) -> 0 | S14: =P14+R14 -> 0 | T14: =IF($L14="TER A",VLOOKUP(P14,TER!$A$5:$D$48,4,TRUE),IF($L14="TER B",VLOOKUP(P14,TER!$F$5:$I$44,4,TRUE),IF($L14="TER C",VLOOKUP(P14,TER!$K$5:$N$45,4,TRUE),0))) -> 0 | U14: =ROUND(S14*T14,0) -> 0 | W14: ='Data Gaji'!BL14 -> 0 | X14: =IF($L14="TER A",VLOOKUP(W14,TER!$A$5:$D$48,4,TRUE),IF($L14="TER B",VLOOKUP(W14,TER!$F$5:$I$44,4,TRUE),IF($L14="TER C",VLOOKUP(W14,TER!$K$5:$N$45,4,TRUE),0))) -> 0 | Y14: =IF($O14="Ya",W14*X14,0) -> 0 | Z14: =W14+Y14 -> 0 | AA14: =IF($L14="TER A",VLOOKUP(W14,TER!$A$5:$D$48,4,TRUE),IF($L14="TER B",VLOOKUP(W14,TER!$F$5:$I$44,4,TRUE),IF($L14="TER C",VLOOKUP(W14,TER!$K$5:$N$45,4,TRUE),0))) -> 0 | AB14: =ROUND(Z14*AA14,0) -> 0 | AD14: ='Data Gaji'!CL14 -> 0 | AE14: =IF($L14="TER A",VLOOKUP(AD14,TER!$A$5:$D$48,4,TRUE),IF($L14="TER B",VLOOKUP(AD14,TER!$F$5:$I$44,4,TRUE),IF($L14="TER C",VLOOKUP(AD14,TER!$K$5:$N$45,4,TRUE),0))) -> 0 | AF14: =IF($O14="Ya",AD14*AE14,0) -> 0 | AG14: =AD14+AF14 -> 0 | AH14: =IF($L14="TER A",VLOOKUP(AD14,TER!$A$5:$D$48,4,TRUE),IF($L14="TER B",VLOOKUP(AD14,TER!$F$5:$I$44,4,TRUE),IF($L14="TER C",VLOOKUP(AD14,TER!$K$5:$N$45,4,TRUE),0))) -> 0 | AI14: =ROUND(AG14*AH14,0) -> 0 | AK14: ='Data Gaji'!DL14 -> 0 | AL14: =IF($L14="TER A",VLOOKUP(AK14,TER!$A$5:$D$48,4,TRUE),IF($L14="TER B",VLOOKUP(AK14,TER!$F$5:$I$44,4,TRUE),IF($L14="TER C",VLOOKUP(AK14,TER!$K$5:$N$45,4,TRUE),0))) -> 0 | AM14: =IF($O14="Ya",AK14*AL14,0) -> 0 | AN14: =AK14+AM14 -> 0 | AO14: =IF($L14="TER A",VLOOKUP(AK14,TER!$A$5:$D$48,4,TRUE),IF($L14="TER B",VLOOKUP(AK14,TER!$F$5:$I$44,4,TRUE),IF($L14="TER C",VLOOKUP(AK14,TER!$K$5:$N$45,4,TRUE),0))) -> 0 | AP14: =ROUND(AN14*AO14,0) -> 0 | AR14: ='Data Gaji'!EL14 -> 0 | AS14: =IF($L14="TER A",VLOOKUP(AR14,TER!$A$5:$D$48,4,TRUE),IF($L14="TER B",VLOOKUP(AR14,TER!$F$5:$I$44,4,TRUE),IF($L14="TER C",VLOOKUP(AR14,TER!$K$5:$N$45,4,TRUE),0))) -> 0 | AT14: =IF($O14="Ya",AR14*AS14,0) -> 0 | AU14: =AR14+AT14 -> 0 | AV14: =IF($L14="TER A",VLOOKUP(AR14,TER!$A$5:$D$48,4,TRUE),IF($L14="TER B",VLOOKUP(AR14,TER!$F$5:$I$44,4,TRUE),IF($L14="TER C",VLOOKUP(AR14,TER!$K$5:$N$45,4,TRUE),0))) -> 0 | AW14: =ROUND(AU14*AV14,0) -> 0 | AY14: ='Data Gaji'!FL14 -> 0 | AZ14: =IF($L14="TER A",VLOOKUP(AY14,TER!$A$5:$D$48,4,TRUE),IF($L14="TER B",VLOOKUP(AY14,TER!$F$5:$I$44,4,TRUE),IF($L14="TER C",VLOOKUP(AY14,TER!$K$5:$N$45,4,TRUE),0))) -> 0 | BA14: =IF($O14="Ya",AY14*AZ14,0) -> 0 | BB14: =AY14+BA14 -> 0 | BC14: =IF($L14="TER A",VLOOKUP(AY14,TER!$A$5:$D$48,4,TRUE),IF($L14="TER B",VLOOKUP(AY14,TER!$F$5:$I$44,4,TRUE),IF($L14="TER C",VLOOKUP(AY14,TER!$K$5:$N$45,4,TRUE),0))) -> 0 | BD14: =ROUND(BB14*BC14,0) -> 0 | BF14: ='Data Gaji'!GL14 -> 0 | BG14: =IF($L14="TER A",VLOOKUP(BF14,TER!$A$5:$D$48,4,TRUE),IF($L14="TER B",VLOOKUP(BF14,TER!$F$5:$I$44,4,TRUE),IF($L14="TER C",VLOOKUP(BF14,TER!$K$5:$N$45,4,TRUE),0))) -> 0 | BH14: =IF($O14="Ya",BF14*BG14,0) -> 0 | BI14: =BF14+BH14 -> 0 | BJ14: =IF($L14="TER A",VLOOKUP(BF14,TER!$A$5:$D$48,4,TRUE),IF($L14="TER B",VLOOKUP(BF14,TER!$F$5:$I$44,4,TRUE),IF($L14="TER C",VLOOKUP(BF14,TER!$K$5:$N$45,4,TRUE),0))) -> 0 | BK14: =ROUND(BI14*BJ14,0) -> 0 | BM14: ='Data Gaji'!HL14 -> 0 | BN14: =IF($L14="TER A",VLOOKUP(BM14,TER!$A$5:$D$48,4,TRUE),IF($L14="TER B",VLOOKUP(BM14,TER!$F$5:$I$44,4,TRUE),IF($L14="TER C",VLOOKUP(BM14,TER!$K$5:$N$45,4,TRUE),0))) -> 0 | BO14: =IF($O14="Ya",BM14*BN14,0) -> 0 | BP14: =BM14+BO14 -> 0 | BQ14: =IF($L14="TER A",VLOOKUP(BM14,TER!$A$5:$D$48,4,TRUE),IF($L14="TER B",VLOOKUP(BM14,TER!$F$5:$I$44,4,TRUE),IF($L14="TER C",VLOOKUP(BM14,TER!$K$5:$N$45,4,TRUE),0))) -> 0 | BR14: =ROUND(BP14*BQ14,0) -> 0 | BT14: ='Data Gaji'!IL14 -> 0 | BU14: =IF($L14="TER A",VLOOKUP(BT14,TER!$A$5:$D$48,4,TRUE),IF($L14="TER B",VLOOKUP(BT14,TER!$F$5:$I$44,4,TRUE),IF($L14="TER C",VLOOKUP(BT14,TER!$K$5:$N$45,4,TRUE),0))) -> 0 | BV14: =IF($O14="Ya",BT14*BU14,0) -> 0 | BW14: =BT14+BV14 -> 0 | BX14: =IF($L14="TER A",VLOOKUP(BT14,TER!$A$5:$D$48,4,TRUE),IF($L14="TER B",VLOOKUP(BT14,TER!$F$5:$I$44,4,TRUE),IF($L14="TER C",VLOOKUP(BT14,TER!$K$5:$N$45,4,TRUE),0))) -> 0 | BY14: =ROUND(BW14*BX14,0) -> 0 | CA14: ='Data Gaji'!JL14 -> 0 | CB14: =IF($L14="TER A",VLOOKUP(CA14,TER!$A$5:$D$48,4,TRUE),IF($L14="TER B",VLOOKUP(CA14,TER!$F$5:$I$44,4,TRUE),IF($L14="TER C",VLOOKUP(CA14,TER!$K$5:$N$45,4,TRUE),0))) -> 0 | CC14: =IF($O14="Ya",CA14*CB14,0) -> 0 | CD14: =CA14+CC14 -> 0 | CE14: =IF($L14="TER A",VLOOKUP(CA14,TER!$A$5:$D$48,4,TRUE),IF($L14="TER B",VLOOKUP(CA14,TER!$F$5:$I$44,4,TRUE),IF($L14="TER C",VLOOKUP(CA14,TER!$K$5:$N$45,4,TRUE),0))) -> 0 | CF14: =ROUND(CD14*CE14,0) -> 0 | CH14: ='Data Gaji'!KL14 -> 0 | CI14: =IF($L14="TER A",VLOOKUP(CH14,TER!$A$5:$D$48,4,TRUE),IF($L14="TER B",VLOOKUP(CH14,TER!$F$5:$I$44,4,TRUE),IF($L14="TER C",VLOOKUP(CH14,TER!$K$5:$N$45,4,TRUE),0))) -> 0 | CJ14: =IF($O14="Ya",CH14*CI14,0) -> 0 | CK14: =CH14+CJ14 -> 0 | CL14: =IF($L14="TER A",VLOOKUP(CH14,TER!$A$5:$D$48,4,TRUE),IF($L14="TER B",VLOOKUP(CH14,TER!$F$5:$I$44,4,TRUE),IF($L14="TER C",VLOOKUP(CH14,TER!$K$5:$N$45,4,TRUE),0))) -> 0 | CM14: =ROUND(CK14*CL14,0) -> 0 | CO14: ='Data Gaji'!LL14 -> 0 | CP14: =IF($L14="TER A",VLOOKUP(CO14,TER!$A$5:$D$48,4,TRUE),IF($L14="TER B",VLOOKUP(CO14,TER!$F$5:$I$44,4,TRUE),IF($L14="TER C",VLOOKUP(CO14,TER!$K$5:$N$45,4,TRUE),0))) -> 0 | CQ14: =IF($O14="Ya",CO14*CP14,0) -> 0 | CR14: =CO14+CQ14 -> 0 | CS14: =IF($L14="TER A",VLOOKUP(CO14,TER!$A$5:$D$48,4,TRUE),IF($L14="TER B",VLOOKUP(CO14,TER!$F$5:$I$44,4,TRUE),IF($L14="TER C",VLOOKUP(CO14,TER!$K$5:$N$45,4,TRUE),0))) -> 0 | CT14: =CR14*CS14 -> 0
A15: =A14+1 -> 9 | K15: ='Data Gaji'!K15 -> 0 | L15: =IF(ISNA(VLOOKUP(K15,'PTKP & TARIF'!$D$4:$E$11,2,0)),"",VLOOKUP(K15,'PTKP & TARIF'!$D$4:$E$11,2,0)) | M15: 26 | N15: 26 | O15: TIDAK | P15: ='Data Gaji'!AL15 -> 0 | Q15: =IF($L15="TER A",VLOOKUP(P15,TER!$A$5:$D$48,4,TRUE),IF($L15="TER B",VLOOKUP(P15,TER!$F$5:$I$44,4,TRUE),IF($L15="TER C",VLOOKUP(P15,TER!$K$5:$N$45,4,TRUE),0))) -> 0 | R15: =IF($O15="Ya",P15*Q15,0) -> 0 | S15: =P15+R15 -> 0 | T15: =IF($L15="TER A",VLOOKUP(P15,TER!$A$5:$D$48,4,TRUE),IF($L15="TER B",VLOOKUP(P15,TER!$F$5:$I$44,4,TRUE),IF($L15="TER C",VLOOKUP(P15,TER!$K$5:$N$45,4,TRUE),0))) -> 0 | U15: =ROUND(S15*T15,0) -> 0 | W15: ='Data Gaji'!BL15 -> 0 | X15: =IF($L15="TER A",VLOOKUP(W15,TER!$A$5:$D$48,4,TRUE),IF($L15="TER B",VLOOKUP(W15,TER!$F$5:$I$44,4,TRUE),IF($L15="TER C",VLOOKUP(W15,TER!$K$5:$N$45,4,TRUE),0))) -> 0 | Y15: =IF($O15="Ya",W15*X15,0) -> 0 | Z15: =W15+Y15 -> 0 | AA15: =IF($L15="TER A",VLOOKUP(W15,TER!$A$5:$D$48,4,TRUE),IF($L15="TER B",VLOOKUP(W15,TER!$F$5:$I$44,4,TRUE),IF($L15="TER C",VLOOKUP(W15,TER!$K$5:$N$45,4,TRUE),0))) -> 0 | AB15: =ROUND(Z15*AA15,0) -> 0 | AD15: ='Data Gaji'!CL15 -> 0 | AE15: =IF($L15="TER A",VLOOKUP(AD15,TER!$A$5:$D$48,4,TRUE),IF($L15="TER B",VLOOKUP(AD15,TER!$F$5:$I$44,4,TRUE),IF($L15="TER C",VLOOKUP(AD15,TER!$K$5:$N$45,4,TRUE),0))) -> 0 | AF15: =IF($O15="Ya",AD15*AE15,0) -> 0 | AG15: =AD15+AF15 -> 0 | AH15: =IF($L15="TER A",VLOOKUP(AD15,TER!$A$5:$D$48,4,TRUE),IF($L15="TER B",VLOOKUP(AD15,TER!$F$5:$I$44,4,TRUE),IF($L15="TER C",VLOOKUP(AD15,TER!$K$5:$N$45,4,TRUE),0))) -> 0 | AI15: =ROUND(AG15*AH15,0) -> 0 | AK15: ='Data Gaji'!DL15 -> 0 | AL15: =IF($L15="TER A",VLOOKUP(AK15,TER!$A$5:$D$48,4,TRUE),IF($L15="TER B",VLOOKUP(AK15,TER!$F$5:$I$44,4,TRUE),IF($L15="TER C",VLOOKUP(AK15,TER!$K$5:$N$45,4,TRUE),0))) -> 0 | AM15: =IF($O15="Ya",AK15*AL15,0) -> 0 | AN15: =AK15+AM15 -> 0 | AO15: =IF($L15="TER A",VLOOKUP(AK15,TER!$A$5:$D$48,4,TRUE),IF($L15="TER B",VLOOKUP(AK15,TER!$F$5:$I$44,4,TRUE),IF($L15="TER C",VLOOKUP(AK15,TER!$K$5:$N$45,4,TRUE),0))) -> 0 | AP15: =ROUND(AN15*AO15,0) -> 0 | AR15: ='Data Gaji'!EL15 -> 0 | AS15: =IF($L15="TER A",VLOOKUP(AR15,TER!$A$5:$D$48,4,TRUE),IF($L15="TER B",VLOOKUP(AR15,TER!$F$5:$I$44,4,TRUE),IF($L15="TER C",VLOOKUP(AR15,TER!$K$5:$N$45,4,TRUE),0))) -> 0 | AT15: =IF($O15="Ya",AR15*AS15,0) -> 0 | AU15: =AR15+AT15 -> 0 | AV15: =IF($L15="TER A",VLOOKUP(AR15,TER!$A$5:$D$48,4,TRUE),IF($L15="TER B",VLOOKUP(AR15,TER!$F$5:$I$44,4,TRUE),IF($L15="TER C",VLOOKUP(AR15,TER!$K$5:$N$45,4,TRUE),0))) -> 0 | AW15: =ROUND(AU15*AV15,0) -> 0 | AY15: ='Data Gaji'!FL15 -> 0 | AZ15: =IF($L15="TER A",VLOOKUP(AY15,TER!$A$5:$D$48,4,TRUE),IF($L15="TER B",VLOOKUP(AY15,TER!$F$5:$I$44,4,TRUE),IF($L15="TER C",VLOOKUP(AY15,TER!$K$5:$N$45,4,TRUE),0))) -> 0 | BA15: =IF($O15="Ya",AY15*AZ15,0) -> 0 | BB15: =AY15+BA15 -> 0 | BC15: =IF($L15="TER A",VLOOKUP(AY15,TER!$A$5:$D$48,4,TRUE),IF($L15="TER B",VLOOKUP(AY15,TER!$F$5:$I$44,4,TRUE),IF($L15="TER C",VLOOKUP(AY15,TER!$K$5:$N$45,4,TRUE),0))) -> 0 | BD15: =ROUND(BB15*BC15,0) -> 0 | BF15: ='Data Gaji'!GL15 -> 0 | BG15: =IF($L15="TER A",VLOOKUP(BF15,TER!$A$5:$D$48,4,TRUE),IF($L15="TER B",VLOOKUP(BF15,TER!$F$5:$I$44,4,TRUE),IF($L15="TER C",VLOOKUP(BF15,TER!$K$5:$N$45,4,TRUE),0))) -> 0 | BH15: =IF($O15="Ya",BF15*BG15,0) -> 0 | BI15: =BF15+BH15 -> 0 | BJ15: =IF($L15="TER A",VLOOKUP(BF15,TER!$A$5:$D$48,4,TRUE),IF($L15="TER B",VLOOKUP(BF15,TER!$F$5:$I$44,4,TRUE),IF($L15="TER C",VLOOKUP(BF15,TER!$K$5:$N$45,4,TRUE),0))) -> 0 | BK15: =ROUND(BI15*BJ15,0) -> 0 | BM15: ='Data Gaji'!HL15 -> 0 | BN15: =IF($L15="TER A",VLOOKUP(BM15,TER!$A$5:$D$48,4,TRUE),IF($L15="TER B",VLOOKUP(BM15,TER!$F$5:$I$44,4,TRUE),IF($L15="TER C",VLOOKUP(BM15,TER!$K$5:$N$45,4,TRUE),0))) -> 0 | BO15: =IF($O15="Ya",BM15*BN15,0) -> 0 | BP15: =BM15+BO15 -> 0 | BQ15: =IF($L15="TER A",VLOOKUP(BM15,TER!$A$5:$D$48,4,TRUE),IF($L15="TER B",VLOOKUP(BM15,TER!$F$5:$I$44,4,TRUE),IF($L15="TER C",VLOOKUP(BM15,TER!$K$5:$N$45,4,TRUE),0))) -> 0 | BR15: =ROUND(BP15*BQ15,0) -> 0 | BT15: ='Data Gaji'!IL15 -> 0 | BU15: =IF($L15="TER A",VLOOKUP(BT15,TER!$A$5:$D$48,4,TRUE),IF($L15="TER B",VLOOKUP(BT15,TER!$F$5:$I$44,4,TRUE),IF($L15="TER C",VLOOKUP(BT15,TER!$K$5:$N$45,4,TRUE),0))) -> 0 | BV15: =IF($O15="Ya",BT15*BU15,0) -> 0 | BW15: =BT15+BV15 -> 0 | BX15: =IF($L15="TER A",VLOOKUP(BT15,TER!$A$5:$D$48,4,TRUE),IF($L15="TER B",VLOOKUP(BT15,TER!$F$5:$I$44,4,TRUE),IF($L15="TER C",VLOOKUP(BT15,TER!$K$5:$N$45,4,TRUE),0))) -> 0 | BY15: =ROUND(BW15*BX15,0) -> 0 | CA15: ='Data Gaji'!JL15 -> 0 | CB15: =IF($L15="TER A",VLOOKUP(CA15,TER!$A$5:$D$48,4,TRUE),IF($L15="TER B",VLOOKUP(CA15,TER!$F$5:$I$44,4,TRUE),IF($L15="TER C",VLOOKUP(CA15,TER!$K$5:$N$45,4,TRUE),0))) -> 0 | CC15: =IF($O15="Ya",CA15*CB15,0) -> 0 | CD15: =CA15+CC15 -> 0 | CE15: =IF($L15="TER A",VLOOKUP(CA15,TER!$A$5:$D$48,4,TRUE),IF($L15="TER B",VLOOKUP(CA15,TER!$F$5:$I$44,4,TRUE),IF($L15="TER C",VLOOKUP(CA15,TER!$K$5:$N$45,4,TRUE),0))) -> 0 | CF15: =ROUND(CD15*CE15,0) -> 0 | CH15: ='Data Gaji'!KL15 -> 0 | CI15: =IF($L15="TER A",VLOOKUP(CH15,TER!$A$5:$D$48,4,TRUE),IF($L15="TER B",VLOOKUP(CH15,TER!$F$5:$I$44,4,TRUE),IF($L15="TER C",VLOOKUP(CH15,TER!$K$5:$N$45,4,TRUE),0))) -> 0 | CJ15: =IF($O15="Ya",CH15*CI15,0) -> 0 | CK15: =CH15+CJ15 -> 0 | CL15: =IF($L15="TER A",VLOOKUP(CH15,TER!$A$5:$D$48,4,TRUE),IF($L15="TER B",VLOOKUP(CH15,TER!$F$5:$I$44,4,TRUE),IF($L15="TER C",VLOOKUP(CH15,TER!$K$5:$N$45,4,TRUE),0))) -> 0 | CM15: =ROUND(CK15*CL15,0) -> 0 | CO15: ='Data Gaji'!LL15 -> 0 | CP15: =IF($L15="TER A",VLOOKUP(CO15,TER!$A$5:$D$48,4,TRUE),IF($L15="TER B",VLOOKUP(CO15,TER!$F$5:$I$44,4,TRUE),IF($L15="TER C",VLOOKUP(CO15,TER!$K$5:$N$45,4,TRUE),0))) -> 0 | CQ15: =IF($O15="Ya",CO15*CP15,0) -> 0 | CR15: =CO15+CQ15 -> 0 | CS15: =IF($L15="TER A",VLOOKUP(CO15,TER!$A$5:$D$48,4,TRUE),IF($L15="TER B",VLOOKUP(CO15,TER!$F$5:$I$44,4,TRUE),IF($L15="TER C",VLOOKUP(CO15,TER!$K$5:$N$45,4,TRUE),0))) -> 0 | CT15: =CR15*CS15 -> 0
A16: =A15+1 -> 10 | K16: ='Data Gaji'!K16 -> 0 | L16: =IF(ISNA(VLOOKUP(K16,'PTKP & TARIF'!$D$4:$E$11,2,0)),"",VLOOKUP(K16,'PTKP & TARIF'!$D$4:$E$11,2,0)) | M16: 26 | N16: 26 | O16: TIDAK | P16: ='Data Gaji'!AL16 -> 0 | Q16: =IF($L16="TER A",VLOOKUP(P16,TER!$A$5:$D$48,4,TRUE),IF($L16="TER B",VLOOKUP(P16,TER!$F$5:$I$44,4,TRUE),IF($L16="TER C",VLOOKUP(P16,TER!$K$5:$N$45,4,TRUE),0))) -> 0 | R16: =IF($O16="Ya",P16*Q16,0) -> 0 | S16: =P16+R16 -> 0 | T16: =IF($L16="TER A",VLOOKUP(P16,TER!$A$5:$D$48,4,TRUE),IF($L16="TER B",VLOOKUP(P16,TER!$F$5:$I$44,4,TRUE),IF($L16="TER C",VLOOKUP(P16,TER!$K$5:$N$45,4,TRUE),0))) -> 0 | U16: =ROUND(S16*T16,0) -> 0 | W16: ='Data Gaji'!BL16 -> 0 | X16: =IF($L16="TER A",VLOOKUP(W16,TER!$A$5:$D$48,4,TRUE),IF($L16="TER B",VLOOKUP(W16,TER!$F$5:$I$44,4,TRUE),IF($L16="TER C",VLOOKUP(W16,TER!$K$5:$N$45,4,TRUE),0))) -> 0 | Y16: =IF($O16="Ya",W16*X16,0) -> 0 | Z16: =W16+Y16 -> 0 | AA16: =IF($L16="TER A",VLOOKUP(W16,TER!$A$5:$D$48,4,TRUE),IF($L16="TER B",VLOOKUP(W16,TER!$F$5:$I$44,4,TRUE),IF($L16="TER C",VLOOKUP(W16,TER!$K$5:$N$45,4,TRUE),0))) -> 0 | AB16: =ROUND(Z16*AA16,0) -> 0 | AD16: ='Data Gaji'!CL16 -> 0 | AE16: =IF($L16="TER A",VLOOKUP(AD16,TER!$A$5:$D$48,4,TRUE),IF($L16="TER B",VLOOKUP(AD16,TER!$F$5:$I$44,4,TRUE),IF($L16="TER C",VLOOKUP(AD16,TER!$K$5:$N$45,4,TRUE),0))) -> 0 | AF16: =IF($O16="Ya",AD16*AE16,0) -> 0 | AG16: =AD16+AF16 -> 0 | AH16: =IF($L16="TER A",VLOOKUP(AD16,TER!$A$5:$D$48,4,TRUE),IF($L16="TER B",VLOOKUP(AD16,TER!$F$5:$I$44,4,TRUE),IF($L16="TER C",VLOOKUP(AD16,TER!$K$5:$N$45,4,TRUE),0))) -> 0 | AI16: =ROUND(AG16*AH16,0) -> 0 | AK16: ='Data Gaji'!DL16 -> 0 | AL16: =IF($L16="TER A",VLOOKUP(AK16,TER!$A$5:$D$48,4,TRUE),IF($L16="TER B",VLOOKUP(AK16,TER!$F$5:$I$44,4,TRUE),IF($L16="TER C",VLOOKUP(AK16,TER!$K$5:$N$45,4,TRUE),0))) -> 0 | AM16: =IF($O16="Ya",AK16*AL16,0) -> 0 | AN16: =AK16+AM16 -> 0 | AO16: =IF($L16="TER A",VLOOKUP(AK16,TER!$A$5:$D$48,4,TRUE),IF($L16="TER B",VLOOKUP(AK16,TER!$F$5:$I$44,4,TRUE),IF($L16="TER C",VLOOKUP(AK16,TER!$K$5:$N$45,4,TRUE),0))) -> 0 | AP16: =ROUND(AN16*AO16,0) -> 0 | AR16: ='Data Gaji'!EL16 -> 0 | AS16: =IF($L16="TER A",VLOOKUP(AR16,TER!$A$5:$D$48,4,TRUE),IF($L16="TER B",VLOOKUP(AR16,TER!$F$5:$I$44,4,TRUE),IF($L16="TER C",VLOOKUP(AR16,TER!$K$5:$N$45,4,TRUE),0))) -> 0 | AT16: =IF($O16="Ya",AR16*AS16,0) -> 0 | AU16: =AR16+AT16 -> 0 | AV16: =IF($L16="TER A",VLOOKUP(AR16,TER!$A$5:$D$48,4,TRUE),IF($L16="TER B",VLOOKUP(AR16,TER!$F$5:$I$44,4,TRUE),IF($L16="TER C",VLOOKUP(AR16,TER!$K$5:$N$45,4,TRUE),0))) -> 0 | AW16: =ROUND(AU16*AV16,0) -> 0 | AY16: ='Data Gaji'!FL16 -> 0 | AZ16: =IF($L16="TER A",VLOOKUP(AY16,TER!$A$5:$D$48,4,TRUE),IF($L16="TER B",VLOOKUP(AY16,TER!$F$5:$I$44,4,TRUE),IF($L16="TER C",VLOOKUP(AY16,TER!$K$5:$N$45,4,TRUE),0))) -> 0 | BA16: =IF($O16="Ya",AY16*AZ16,0) -> 0 | BB16: =AY16+BA16 -> 0 | BC16: =IF($L16="TER A",VLOOKUP(AY16,TER!$A$5:$D$48,4,TRUE),IF($L16="TER B",VLOOKUP(AY16,TER!$F$5:$I$44,4,TRUE),IF($L16="TER C",VLOOKUP(AY16,TER!$K$5:$N$45,4,TRUE),0))) -> 0 | BD16: =ROUND(BB16*BC16,0) -> 0 | BF16: ='Data Gaji'!GL16 -> 0 | BG16: =IF($L16="TER A",VLOOKUP(BF16,TER!$A$5:$D$48,4,TRUE),IF($L16="TER B",VLOOKUP(BF16,TER!$F$5:$I$44,4,TRUE),IF($L16="TER C",VLOOKUP(BF16,TER!$K$5:$N$45,4,TRUE),0))) -> 0 | BH16: =IF($O16="Ya",BF16*BG16,0) -> 0 | BI16: =BF16+BH16 -> 0 | BJ16: =IF($L16="TER A",VLOOKUP(BF16,TER!$A$5:$D$48,4,TRUE),IF($L16="TER B",VLOOKUP(BF16,TER!$F$5:$I$44,4,TRUE),IF($L16="TER C",VLOOKUP(BF16,TER!$K$5:$N$45,4,TRUE),0))) -> 0 | BK16: =ROUND(BI16*BJ16,0) -> 0 | BM16: ='Data Gaji'!HL16 -> 0 | BN16: =IF($L16="TER A",VLOOKUP(BM16,TER!$A$5:$D$48,4,TRUE),IF($L16="TER B",VLOOKUP(BM16,TER!$F$5:$I$44,4,TRUE),IF($L16="TER C",VLOOKUP(BM16,TER!$K$5:$N$45,4,TRUE),0))) -> 0 | BO16: =IF($O16="Ya",BM16*BN16,0) -> 0 | BP16: =BM16+BO16 -> 0 | BQ16: =IF($L16="TER A",VLOOKUP(BM16,TER!$A$5:$D$48,4,TRUE),IF($L16="TER B",VLOOKUP(BM16,TER!$F$5:$I$44,4,TRUE),IF($L16="TER C",VLOOKUP(BM16,TER!$K$5:$N$45,4,TRUE),0))) -> 0 | BR16: =ROUND(BP16*BQ16,0) -> 0 | BT16: ='Data Gaji'!IL16 -> 0 | BU16: =IF($L16="TER A",VLOOKUP(BT16,TER!$A$5:$D$48,4,TRUE),IF($L16="TER B",VLOOKUP(BT16,TER!$F$5:$I$44,4,TRUE),IF($L16="TER C",VLOOKUP(BT16,TER!$K$5:$N$45,4,TRUE),0))) -> 0 | BV16: =IF($O16="Ya",BT16*BU16,0) -> 0 | BW16: =BT16+BV16 -> 0 | BX16: =IF($L16="TER A",VLOOKUP(BT16,TER!$A$5:$D$48,4,TRUE),IF($L16="TER B",VLOOKUP(BT16,TER!$F$5:$I$44,4,TRUE),IF($L16="TER C",VLOOKUP(BT16,TER!$K$5:$N$45,4,TRUE),0))) -> 0 | BY16: =ROUND(BW16*BX16,0) -> 0 | CA16: ='Data Gaji'!JL16 -> 0 | CB16: =IF($L16="TER A",VLOOKUP(CA16,TER!$A$5:$D$48,4,TRUE),IF($L16="TER B",VLOOKUP(CA16,TER!$F$5:$I$44,4,TRUE),IF($L16="TER C",VLOOKUP(CA16,TER!$K$5:$N$45,4,TRUE),0))) -> 0 | CC16: =IF($O16="Ya",CA16*CB16,0) -> 0 | CD16: =CA16+CC16 -> 0 | CE16: =IF($L16="TER A",VLOOKUP(CA16,TER!$A$5:$D$48,4,TRUE),IF($L16="TER B",VLOOKUP(CA16,TER!$F$5:$I$44,4,TRUE),IF($L16="TER C",VLOOKUP(CA16,TER!$K$5:$N$45,4,TRUE),0))) -> 0 | CF16: =ROUND(CD16*CE16,0) -> 0 | CH16: ='Data Gaji'!KL16 -> 0 | CI16: =IF($L16="TER A",VLOOKUP(CH16,TER!$A$5:$D$48,4,TRUE),IF($L16="TER B",VLOOKUP(CH16,TER!$F$5:$I$44,4,TRUE),IF($L16="TER C",VLOOKUP(CH16,TER!$K$5:$N$45,4,TRUE),0))) -> 0 | CJ16: =IF($O16="Ya",CH16*CI16,0) -> 0 | CK16: =CH16+CJ16 -> 0 | CL16: =IF($L16="TER A",VLOOKUP(CH16,TER!$A$5:$D$48,4,TRUE),IF($L16="TER B",VLOOKUP(CH16,TER!$F$5:$I$44,4,TRUE),IF($L16="TER C",VLOOKUP(CH16,TER!$K$5:$N$45,4,TRUE),0))) -> 0 | CM16: =ROUND(CK16*CL16,0) -> 0 | CO16: ='Data Gaji'!LL16 -> 0 | CP16: =IF($L16="TER A",VLOOKUP(CO16,TER!$A$5:$D$48,4,TRUE),IF($L16="TER B",VLOOKUP(CO16,TER!$F$5:$I$44,4,TRUE),IF($L16="TER C",VLOOKUP(CO16,TER!$K$5:$N$45,4,TRUE),0))) -> 0 | CQ16: =IF($O16="Ya",CO16*CP16,0) -> 0 | CR16: =CO16+CQ16 -> 0 | CS16: =IF($L16="TER A",VLOOKUP(CO16,TER!$A$5:$D$48,4,TRUE),IF($L16="TER B",VLOOKUP(CO16,TER!$F$5:$I$44,4,TRUE),IF($L16="TER C",VLOOKUP(CO16,TER!$K$5:$N$45,4,TRUE),0))) -> 0 | CT16: =CR16*CS16 -> 0
A17: =A16+1 -> 11 | K17: ='Data Gaji'!K17 -> 0 | L17: =IF(ISNA(VLOOKUP(K17,'PTKP & TARIF'!$D$4:$E$11,2,0)),"",VLOOKUP(K17,'PTKP & TARIF'!$D$4:$E$11,2,0)) | M17: 26 | N17: 26 | O17: TIDAK | P17: ='Data Gaji'!AL17 -> 0 | Q17: =IF($L17="TER A",VLOOKUP(P17,TER!$A$5:$D$48,4,TRUE),IF($L17="TER B",VLOOKUP(P17,TER!$F$5:$I$44,4,TRUE),IF($L17="TER C",VLOOKUP(P17,TER!$K$5:$N$45,4,TRUE),0))) -> 0 | R17: =IF($O17="Ya",P17*Q17,0) -> 0 | S17: =P17+R17 -> 0 | T17: =IF($L17="TER A",VLOOKUP(P17,TER!$A$5:$D$48,4,TRUE),IF($L17="TER B",VLOOKUP(P17,TER!$F$5:$I$44,4,TRUE),IF($L17="TER C",VLOOKUP(P17,TER!$K$5:$N$45,4,TRUE),0))) -> 0 | U17: =ROUND(S17*T17,0) -> 0 | W17: ='Data Gaji'!BL17 -> 0 | X17: =IF($L17="TER A",VLOOKUP(W17,TER!$A$5:$D$48,4,TRUE),IF($L17="TER B",VLOOKUP(W17,TER!$F$5:$I$44,4,TRUE),IF($L17="TER C",VLOOKUP(W17,TER!$K$5:$N$45,4,TRUE),0))) -> 0 | Y17: =IF($O17="Ya",W17*X17,0) -> 0 | Z17: =W17+Y17 -> 0 | AA17: =IF($L17="TER A",VLOOKUP(W17,TER!$A$5:$D$48,4,TRUE),IF($L17="TER B",VLOOKUP(W17,TER!$F$5:$I$44,4,TRUE),IF($L17="TER C",VLOOKUP(W17,TER!$K$5:$N$45,4,TRUE),0))) -> 0 | AB17: =ROUND(Z17*AA17,0) -> 0 | AD17: ='Data Gaji'!CL17 -> 0 | AE17: =IF($L17="TER A",VLOOKUP(AD17,TER!$A$5:$D$48,4,TRUE),IF($L17="TER B",VLOOKUP(AD17,TER!$F$5:$I$44,4,TRUE),IF($L17="TER C",VLOOKUP(AD17,TER!$K$5:$N$45,4,TRUE),0))) -> 0 | AF17: =IF($O17="Ya",AD17*AE17,0) -> 0 | AG17: =AD17+AF17 -> 0 | AH17: =IF($L17="TER A",VLOOKUP(AD17,TER!$A$5:$D$48,4,TRUE),IF($L17="TER B",VLOOKUP(AD17,TER!$F$5:$I$44,4,TRUE),IF($L17="TER C",VLOOKUP(AD17,TER!$K$5:$N$45,4,TRUE),0))) -> 0 | AI17: =ROUND(AG17*AH17,0) -> 0 | AK17: ='Data Gaji'!DL17 -> 0 | AL17: =IF($L17="TER A",VLOOKUP(AK17,TER!$A$5:$D$48,4,TRUE),IF($L17="TER B",VLOOKUP(AK17,TER!$F$5:$I$44,4,TRUE),IF($L17="TER C",VLOOKUP(AK17,TER!$K$5:$N$45,4,TRUE),0))) -> 0 | AM17: =IF($O17="Ya",AK17*AL17,0) -> 0 | AN17: =AK17+AM17 -> 0 | AO17: =IF($L17="TER A",VLOOKUP(AK17,TER!$A$5:$D$48,4,TRUE),IF($L17="TER B",VLOOKUP(AK17,TER!$F$5:$I$44,4,TRUE),IF($L17="TER C",VLOOKUP(AK17,TER!$K$5:$N$45,4,TRUE),0))) -> 0 | AP17: =ROUND(AN17*AO17,0) -> 0 | AR17: ='Data Gaji'!EL17 -> 0 | AS17: =IF($L17="TER A",VLOOKUP(AR17,TER!$A$5:$D$48,4,TRUE),IF($L17="TER B",VLOOKUP(AR17,TER!$F$5:$I$44,4,TRUE),IF($L17="TER C",VLOOKUP(AR17,TER!$K$5:$N$45,4,TRUE),0))) -> 0 | AT17: =IF($O17="Ya",AR17*AS17,0) -> 0 | AU17: =AR17+AT17 -> 0 | AV17: =IF($L17="TER A",VLOOKUP(AR17,TER!$A$5:$D$48,4,TRUE),IF($L17="TER B",VLOOKUP(AR17,TER!$F$5:$I$44,4,TRUE),IF($L17="TER C",VLOOKUP(AR17,TER!$K$5:$N$45,4,TRUE),0))) -> 0 | AW17: =ROUND(AU17*AV17,0) -> 0 | AY17: ='Data Gaji'!FL17 -> 0 | AZ17: =IF($L17="TER A",VLOOKUP(AY17,TER!$A$5:$D$48,4,TRUE),IF($L17="TER B",VLOOKUP(AY17,TER!$F$5:$I$44,4,TRUE),IF($L17="TER C",VLOOKUP(AY17,TER!$K$5:$N$45,4,TRUE),0))) -> 0 | BA17: =IF($O17="Ya",AY17*AZ17,0) -> 0 | BB17: =AY17+BA17 -> 0 | BC17: =IF($L17="TER A",VLOOKUP(AY17,TER!$A$5:$D$48,4,TRUE),IF($L17="TER B",VLOOKUP(AY17,TER!$F$5:$I$44,4,TRUE),IF($L17="TER C",VLOOKUP(AY17,TER!$K$5:$N$45,4,TRUE),0))) -> 0 | BD17: =ROUND(BB17*BC17,0) -> 0 | BF17: ='Data Gaji'!GL17 -> 0 | BG17: =IF($L17="TER A",VLOOKUP(BF17,TER!$A$5:$D$48,4,TRUE),IF($L17="TER B",VLOOKUP(BF17,TER!$F$5:$I$44,4,TRUE),IF($L17="TER C",VLOOKUP(BF17,TER!$K$5:$N$45,4,TRUE),0))) -> 0 | BH17: =IF($O17="Ya",BF17*BG17,0) -> 0 | BI17: =BF17+BH17 -> 0 | BJ17: =IF($L17="TER A",VLOOKUP(BF17,TER!$A$5:$D$48,4,TRUE),IF($L17="TER B",VLOOKUP(BF17,TER!$F$5:$I$44,4,TRUE),IF($L17="TER C",VLOOKUP(BF17,TER!$K$5:$N$45,4,TRUE),0))) -> 0 | BK17: =ROUND(BI17*BJ17,0) -> 0 | BM17: ='Data Gaji'!HL17 -> 0 | BN17: =IF($L17="TER A",VLOOKUP(BM17,TER!$A$5:$D$48,4,TRUE),IF($L17="TER B",VLOOKUP(BM17,TER!$F$5:$I$44,4,TRUE),IF($L17="TER C",VLOOKUP(BM17,TER!$K$5:$N$45,4,TRUE),0))) -> 0 | BO17: =IF($O17="Ya",BM17*BN17,0) -> 0 | BP17: =BM17+BO17 -> 0 | BQ17: =IF($L17="TER A",VLOOKUP(BM17,TER!$A$5:$D$48,4,TRUE),IF($L17="TER B",VLOOKUP(BM17,TER!$F$5:$I$44,4,TRUE),IF($L17="TER C",VLOOKUP(BM17,TER!$K$5:$N$45,4,TRUE),0))) -> 0 | BR17: =ROUND(BP17*BQ17,0) -> 0 | BT17: ='Data Gaji'!IL17 -> 0 | BU17: =IF($L17="TER A",VLOOKUP(BT17,TER!$A$5:$D$48,4,TRUE),IF($L17="TER B",VLOOKUP(BT17,TER!$F$5:$I$44,4,TRUE),IF($L17="TER C",VLOOKUP(BT17,TER!$K$5:$N$45,4,TRUE),0))) -> 0 | BV17: =IF($O17="Ya",BT17*BU17,0) -> 0 | BW17: =BT17+BV17 -> 0 | BX17: =IF($L17="TER A",VLOOKUP(BT17,TER!$A$5:$D$48,4,TRUE),IF($L17="TER B",VLOOKUP(BT17,TER!$F$5:$I$44,4,TRUE),IF($L17="TER C",VLOOKUP(BT17,TER!$K$5:$N$45,4,TRUE),0))) -> 0 | BY17: =ROUND(BW17*BX17,0) -> 0 | CA17: ='Data Gaji'!JL17 -> 0 | CB17: =IF($L17="TER A",VLOOKUP(CA17,TER!$A$5:$D$48,4,TRUE),IF($L17="TER B",VLOOKUP(CA17,TER!$F$5:$I$44,4,TRUE),IF($L17="TER C",VLOOKUP(CA17,TER!$K$5:$N$45,4,TRUE),0))) -> 0 | CC17: =IF($O17="Ya",CA17*CB17,0) -> 0 | CD17: =CA17+CC17 -> 0 | CE17: =IF($L17="TER A",VLOOKUP(CA17,TER!$A$5:$D$48,4,TRUE),IF($L17="TER B",VLOOKUP(CA17,TER!$F$5:$I$44,4,TRUE),IF($L17="TER C",VLOOKUP(CA17,TER!$K$5:$N$45,4,TRUE),0))) -> 0 | CF17: =ROUND(CD17*CE17,0) -> 0 | CH17: ='Data Gaji'!KL17 -> 0 | CI17: =IF($L17="TER A",VLOOKUP(CH17,TER!$A$5:$D$48,4,TRUE),IF($L17="TER B",VLOOKUP(CH17,TER!$F$5:$I$44,4,TRUE),IF($L17="TER C",VLOOKUP(CH17,TER!$K$5:$N$45,4,TRUE),0))) -> 0 | CJ17: =IF($O17="Ya",CH17*CI17,0) -> 0 | CK17: =CH17+CJ17 -> 0 | CL17: =IF($L17="TER A",VLOOKUP(CH17,TER!$A$5:$D$48,4,TRUE),IF($L17="TER B",VLOOKUP(CH17,TER!$F$5:$I$44,4,TRUE),IF($L17="TER C",VLOOKUP(CH17,TER!$K$5:$N$45,4,TRUE),0))) -> 0 | CM17: =ROUND(CK17*CL17,0) -> 0 | CO17: ='Data Gaji'!LL17 -> 0 | CP17: =IF($L17="TER A",VLOOKUP(CO17,TER!$A$5:$D$48,4,TRUE),IF($L17="TER B",VLOOKUP(CO17,TER!$F$5:$I$44,4,TRUE),IF($L17="TER C",VLOOKUP(CO17,TER!$K$5:$N$45,4,TRUE),0))) -> 0 | CQ17: =IF($O17="Ya",CO17*CP17,0) -> 0 | CR17: =CO17+CQ17 -> 0 | CS17: =IF($L17="TER A",VLOOKUP(CO17,TER!$A$5:$D$48,4,TRUE),IF($L17="TER B",VLOOKUP(CO17,TER!$F$5:$I$44,4,TRUE),IF($L17="TER C",VLOOKUP(CO17,TER!$K$5:$N$45,4,TRUE),0))) -> 0 | CT17: =CR17*CS17 -> 0
A18: =A17+1 -> 12 | K18: ='Data Gaji'!K18 -> 0 | L18: =IF(ISNA(VLOOKUP(K18,'PTKP & TARIF'!$D$4:$E$11,2,0)),"",VLOOKUP(K18,'PTKP & TARIF'!$D$4:$E$11,2,0)) | O18: TIDAK | P18: ='Data Gaji'!AL18 -> 0 | Q18: =IF($L18="TER A",VLOOKUP(P18,TER!$A$5:$D$48,4,TRUE),IF($L18="TER B",VLOOKUP(P18,TER!$F$5:$I$44,4,TRUE),IF($L18="TER C",VLOOKUP(P18,TER!$K$5:$N$45,4,TRUE),0))) -> 0 | R18: =IF($O18="Ya",P18*Q18,0) -> 0 | S18: =P18+R18 -> 0 | T18: =IF($L18="TER A",VLOOKUP(P18,TER!$A$5:$D$48,4,TRUE),IF($L18="TER B",VLOOKUP(P18,TER!$F$5:$I$44,4,TRUE),IF($L18="TER C",VLOOKUP(P18,TER!$K$5:$N$45,4,TRUE),0))) -> 0 | U18: =ROUND(S18*T18,0) -> 0 | W18: ='Data Gaji'!BL18 -> 0 | X18: =IF($L18="TER A",VLOOKUP(W18,TER!$A$5:$D$48,4,TRUE),IF($L18="TER B",VLOOKUP(W18,TER!$F$5:$I$44,4,TRUE),IF($L18="TER C",VLOOKUP(W18,TER!$K$5:$N$45,4,TRUE),0))) -> 0 | Y18: =IF($O18="Ya",W18*X18,0) -> 0 | Z18: =W18+Y18 -> 0 | AA18: =IF($L18="TER A",VLOOKUP(W18,TER!$A$5:$D$48,4,TRUE),IF($L18="TER B",VLOOKUP(W18,TER!$F$5:$I$44,4,TRUE),IF($L18="TER C",VLOOKUP(W18,TER!$K$5:$N$45,4,TRUE),0))) -> 0 | AB18: =ROUND(Z18*AA18,0) -> 0 | AD18: ='Data Gaji'!CL18 -> 0 | AE18: =IF($L18="TER A",VLOOKUP(AD18,TER!$A$5:$D$48,4,TRUE),IF($L18="TER B",VLOOKUP(AD18,TER!$F$5:$I$44,4,TRUE),IF($L18="TER C",VLOOKUP(AD18,TER!$K$5:$N$45,4,TRUE),0))) -> 0 | AF18: =IF($O18="Ya",AD18*AE18,0) -> 0 | AG18: =AD18+AF18 -> 0 | AH18: =IF($L18="TER A",VLOOKUP(AD18,TER!$A$5:$D$48,4,TRUE),IF($L18="TER B",VLOOKUP(AD18,TER!$F$5:$I$44,4,TRUE),IF($L18="TER C",VLOOKUP(AD18,TER!$K$5:$N$45,4,TRUE),0))) -> 0 | AI18: =ROUND(AG18*AH18,0) -> 0 | AK18: ='Data Gaji'!DL18 -> 0 | AL18: =IF($L18="TER A",VLOOKUP(AK18,TER!$A$5:$D$48,4,TRUE),IF($L18="TER B",VLOOKUP(AK18,TER!$F$5:$I$44,4,TRUE),IF($L18="TER C",VLOOKUP(AK18,TER!$K$5:$N$45,4,TRUE),0))) -> 0 | AM18: =IF($O18="Ya",AK18*AL18,0) -> 0 | AN18: =AK18+AM18 -> 0 | AO18: =IF($L18="TER A",VLOOKUP(AK18,TER!$A$5:$D$48,4,TRUE),IF($L18="TER B",VLOOKUP(AK18,TER!$F$5:$I$44,4,TRUE),IF($L18="TER C",VLOOKUP(AK18,TER!$K$5:$N$45,4,TRUE),0))) -> 0 | AP18: =ROUND(AN18*AO18,0) -> 0 | AR18: ='Data Gaji'!EL18 -> 0 | AS18: =IF($L18="TER A",VLOOKUP(AR18,TER!$A$5:$D$48,4,TRUE),IF($L18="TER B",VLOOKUP(AR18,TER!$F$5:$I$44,4,TRUE),IF($L18="TER C",VLOOKUP(AR18,TER!$K$5:$N$45,4,TRUE),0))) -> 0 | AT18: =IF($O18="Ya",AR18*AS18,0) -> 0 | AU18: =AR18+AT18 -> 0 | AV18: =IF($L18="TER A",VLOOKUP(AR18,TER!$A$5:$D$48,4,TRUE),IF($L18="TER B",VLOOKUP(AR18,TER!$F$5:$I$44,4,TRUE),IF($L18="TER C",VLOOKUP(AR18,TER!$K$5:$N$45,4,TRUE),0))) -> 0 | AW18: =ROUND(AU18*AV18,0) -> 0 | AY18: ='Data Gaji'!FL18 -> 0 | AZ18: =IF($L18="TER A",VLOOKUP(AY18,TER!$A$5:$D$48,4,TRUE),IF($L18="TER B",VLOOKUP(AY18,TER!$F$5:$I$44,4,TRUE),IF($L18="TER C",VLOOKUP(AY18,TER!$K$5:$N$45,4,TRUE),0))) -> 0 | BA18: =IF($O18="Ya",AY18*AZ18,0) -> 0 | BB18: =AY18+BA18 -> 0 | BC18: =IF($L18="TER A",VLOOKUP(AY18,TER!$A$5:$D$48,4,TRUE),IF($L18="TER B",VLOOKUP(AY18,TER!$F$5:$I$44,4,TRUE),IF($L18="TER C",VLOOKUP(AY18,TER!$K$5:$N$45,4,TRUE),0))) -> 0 | BD18: =ROUND(BB18*BC18,0) -> 0 | BF18: ='Data Gaji'!GL18 -> 0 | BG18: =IF($L18="TER A",VLOOKUP(BF18,TER!$A$5:$D$48,4,TRUE),IF($L18="TER B",VLOOKUP(BF18,TER!$F$5:$I$44,4,TRUE),IF($L18="TER C",VLOOKUP(BF18,TER!$K$5:$N$45,4,TRUE),0))) -> 0 | BH18: =IF($O18="Ya",BF18*BG18,0) -> 0 | BI18: =BF18+BH18 -> 0 | BJ18: =IF($L18="TER A",VLOOKUP(BF18,TER!$A$5:$D$48,4,TRUE),IF($L18="TER B",VLOOKUP(BF18,TER!$F$5:$I$44,4,TRUE),IF($L18="TER C",VLOOKUP(BF18,TER!$K$5:$N$45,4,TRUE),0))) -> 0 | BK18: =ROUND(BI18*BJ18,0) -> 0 | BM18: ='Data Gaji'!HL18 -> 0 | BN18: =IF($L18="TER A",VLOOKUP(BM18,TER!$A$5:$D$48,4,TRUE),IF($L18="TER B",VLOOKUP(BM18,TER!$F$5:$I$44,4,TRUE),IF($L18="TER C",VLOOKUP(BM18,TER!$K$5:$N$45,4,TRUE),0))) -> 0 | BO18: =IF($O18="Ya",BM18*BN18,0) -> 0 | BP18: =BM18+BO18 -> 0 | BQ18: =IF($L18="TER A",VLOOKUP(BM18,TER!$A$5:$D$48,4,TRUE),IF($L18="TER B",VLOOKUP(BM18,TER!$F$5:$I$44,4,TRUE),IF($L18="TER C",VLOOKUP(BM18,TER!$K$5:$N$45,4,TRUE),0))) -> 0 | BR18: =ROUND(BP18*BQ18,0) -> 0 | BT18: ='Data Gaji'!IL18 -> 0 | BU18: =IF($L18="TER A",VLOOKUP(BT18,TER!$A$5:$D$48,4,TRUE),IF($L18="TER B",VLOOKUP(BT18,TER!$F$5:$I$44,4,TRUE),IF($L18="TER C",VLOOKUP(BT18,TER!$K$5:$N$45,4,TRUE),0))) -> 0 | BV18: =IF($O18="Ya",BT18*BU18,0) -> 0 | BW18: =BT18+BV18 -> 0 | BX18: =IF($L18="TER A",VLOOKUP(BT18,TER!$A$5:$D$48,4,TRUE),IF($L18="TER B",VLOOKUP(BT18,TER!$F$5:$I$44,4,TRUE),IF($L18="TER C",VLOOKUP(BT18,TER!$K$5:$N$45,4,TRUE),0))) -> 0 | BY18: =ROUND(BW18*BX18,0) -> 0 | CA18: ='Data Gaji'!JL18 -> 0 | CB18: =IF($L18="TER A",VLOOKUP(CA18,TER!$A$5:$D$48,4,TRUE),IF($L18="TER B",VLOOKUP(CA18,TER!$F$5:$I$44,4,TRUE),IF($L18="TER C",VLOOKUP(CA18,TER!$K$5:$N$45,4,TRUE),0))) -> 0 | CC18: =IF($O18="Ya",CA18*CB18,0) -> 0 | CD18: =CA18+CC18 -> 0 | CE18: =IF($L18="TER A",VLOOKUP(CA18,TER!$A$5:$D$48,4,TRUE),IF($L18="TER B",VLOOKUP(CA18,TER!$F$5:$I$44,4,TRUE),IF($L18="TER C",VLOOKUP(CA18,TER!$K$5:$N$45,4,TRUE),0))) -> 0 | CF18: =ROUND(CD18*CE18,0) -> 0 | CH18: ='Data Gaji'!KL18 -> 0 | CI18: =IF($L18="TER A",VLOOKUP(CH18,TER!$A$5:$D$48,4,TRUE),IF($L18="TER B",VLOOKUP(CH18,TER!$F$5:$I$44,4,TRUE),IF($L18="TER C",VLOOKUP(CH18,TER!$K$5:$N$45,4,TRUE),0))) -> 0 | CJ18: =IF($O18="Ya",CH18*CI18,0) -> 0 | CK18: =CH18+CJ18 -> 0 | CL18: =IF($L18="TER A",VLOOKUP(CH18,TER!$A$5:$D$48,4,TRUE),IF($L18="TER B",VLOOKUP(CH18,TER!$F$5:$I$44,4,TRUE),IF($L18="TER C",VLOOKUP(CH18,TER!$K$5:$N$45,4,TRUE),0))) -> 0 | CM18: =ROUND(CK18*CL18,0) -> 0 | CO18: ='Data Gaji'!LL18 -> 0 | CP18: =IF($L18="TER A",VLOOKUP(CO18,TER!$A$5:$D$48,4,TRUE),IF($L18="TER B",VLOOKUP(CO18,TER!$F$5:$I$44,4,TRUE),IF($L18="TER C",VLOOKUP(CO18,TER!$K$5:$N$45,4,TRUE),0))) -> 0 | CQ18: =IF($O18="Ya",CO18*CP18,0) -> 0 | CR18: =CO18+CQ18 -> 0 | CS18: =IF($L18="TER A",VLOOKUP(CO18,TER!$A$5:$D$48,4,TRUE),IF($L18="TER B",VLOOKUP(CO18,TER!$F$5:$I$44,4,TRUE),IF($L18="TER C",VLOOKUP(CO18,TER!$K$5:$N$45,4,TRUE),0))) -> 0 | CT18: =CR18*CS18 -> 0
A19: =A18+1 -> 13 | K19: ='Data Gaji'!K19 -> 0 | L19: =IF(ISNA(VLOOKUP(K19,'PTKP & TARIF'!$D$4:$E$11,2,0)),"",VLOOKUP(K19,'PTKP & TARIF'!$D$4:$E$11,2,0)) | O19: TIDAK | P19: ='Data Gaji'!AL19 -> 0 | Q19: =IF($L19="TER A",VLOOKUP(P19,TER!$A$5:$D$48,4,TRUE),IF($L19="TER B",VLOOKUP(P19,TER!$F$5:$I$44,4,TRUE),IF($L19="TER C",VLOOKUP(P19,TER!$K$5:$N$45,4,TRUE),0))) -> 0 | R19: =IF($O19="Ya",P19*Q19,0) -> 0 | S19: =P19+R19 -> 0 | T19: =IF($L19="TER A",VLOOKUP(P19,TER!$A$5:$D$48,4,TRUE),IF($L19="TER B",VLOOKUP(P19,TER!$F$5:$I$44,4,TRUE),IF($L19="TER C",VLOOKUP(P19,TER!$K$5:$N$45,4,TRUE),0))) -> 0 | U19: =ROUND(S19*T19,0) -> 0 | W19: ='Data Gaji'!BL19 -> 0 | X19: =IF($L19="TER A",VLOOKUP(W19,TER!$A$5:$D$48,4,TRUE),IF($L19="TER B",VLOOKUP(W19,TER!$F$5:$I$44,4,TRUE),IF($L19="TER C",VLOOKUP(W19,TER!$K$5:$N$45,4,TRUE),0))) -> 0 | Y19: =IF($O19="Ya",W19*X19,0) -> 0 | Z19: =W19+Y19 -> 0 | AA19: =IF($L19="TER A",VLOOKUP(W19,TER!$A$5:$D$48,4,TRUE),IF($L19="TER B",VLOOKUP(W19,TER!$F$5:$I$44,4,TRUE),IF($L19="TER C",VLOOKUP(W19,TER!$K$5:$N$45,4,TRUE),0))) -> 0 | AB19: =ROUND(Z19*AA19,0) -> 0 | AD19: ='Data Gaji'!CL19 -> 0 | AE19: =IF($L19="TER A",VLOOKUP(AD19,TER!$A$5:$D$48,4,TRUE),IF($L19="TER B",VLOOKUP(AD19,TER!$F$5:$I$44,4,TRUE),IF($L19="TER C",VLOOKUP(AD19,TER!$K$5:$N$45,4,TRUE),0))) -> 0 | AF19: =IF($O19="Ya",AD19*AE19,0) -> 0 | AG19: =AD19+AF19 -> 0 | AH19: =IF($L19="TER A",VLOOKUP(AD19,TER!$A$5:$D$48,4,TRUE),IF($L19="TER B",VLOOKUP(AD19,TER!$F$5:$I$44,4,TRUE),IF($L19="TER C",VLOOKUP(AD19,TER!$K$5:$N$45,4,TRUE),0))) -> 0 | AI19: =ROUND(AG19*AH19,0) -> 0 | AK19: ='Data Gaji'!DL19 -> 0 | AL19: =IF($L19="TER A",VLOOKUP(AK19,TER!$A$5:$D$48,4,TRUE),IF($L19="TER B",VLOOKUP(AK19,TER!$F$5:$I$44,4,TRUE),IF($L19="TER C",VLOOKUP(AK19,TER!$K$5:$N$45,4,TRUE),0))) -> 0 | AM19: =IF($O19="Ya",AK19*AL19,0) -> 0 | AN19: =AK19+AM19 -> 0 | AO19: =IF($L19="TER A",VLOOKUP(AK19,TER!$A$5:$D$48,4,TRUE),IF($L19="TER B",VLOOKUP(AK19,TER!$F$5:$I$44,4,TRUE),IF($L19="TER C",VLOOKUP(AK19,TER!$K$5:$N$45,4,TRUE),0))) -> 0 | AP19: =ROUND(AN19*AO19,0) -> 0 | AR19: ='Data Gaji'!EL19 -> 0 | AS19: =IF($L19="TER A",VLOOKUP(AR19,TER!$A$5:$D$48,4,TRUE),IF($L19="TER B",VLOOKUP(AR19,TER!$F$5:$I$44,4,TRUE),IF($L19="TER C",VLOOKUP(AR19,TER!$K$5:$N$45,4,TRUE),0))) -> 0 | AT19: =IF($O19="Ya",AR19*AS19,0) -> 0 | AU19: =AR19+AT19 -> 0 | AV19: =IF($L19="TER A",VLOOKUP(AR19,TER!$A$5:$D$48,4,TRUE),IF($L19="TER B",VLOOKUP(AR19,TER!$F$5:$I$44,4,TRUE),IF($L19="TER C",VLOOKUP(AR19,TER!$K$5:$N$45,4,TRUE),0))) -> 0 | AW19: =ROUND(AU19*AV19,0) -> 0 | AY19: ='Data Gaji'!FL19 -> 0 | AZ19: =IF($L19="TER A",VLOOKUP(AY19,TER!$A$5:$D$48,4,TRUE),IF($L19="TER B",VLOOKUP(AY19,TER!$F$5:$I$44,4,TRUE),IF($L19="TER C",VLOOKUP(AY19,TER!$K$5:$N$45,4,TRUE),0))) -> 0 | BA19: =IF($O19="Ya",AY19*AZ19,0) -> 0 | BB19: =AY19+BA19 -> 0 | BC19: =IF($L19="TER A",VLOOKUP(AY19,TER!$A$5:$D$48,4,TRUE),IF($L19="TER B",VLOOKUP(AY19,TER!$F$5:$I$44,4,TRUE),IF($L19="TER C",VLOOKUP(AY19,TER!$K$5:$N$45,4,TRUE),0))) -> 0 | BD19: =ROUND(BB19*BC19,0) -> 0 | BF19: ='Data Gaji'!GL19 -> 0 | BG19: =IF($L19="TER A",VLOOKUP(BF19,TER!$A$5:$D$48,4,TRUE),IF($L19="TER B",VLOOKUP(BF19,TER!$F$5:$I$44,4,TRUE),IF($L19="TER C",VLOOKUP(BF19,TER!$K$5:$N$45,4,TRUE),0))) -> 0 | BH19: =IF($O19="Ya",BF19*BG19,0) -> 0 | BI19: =BF19+BH19 -> 0 | BJ19: =IF($L19="TER A",VLOOKUP(BF19,TER!$A$5:$D$48,4,TRUE),IF($L19="TER B",VLOOKUP(BF19,TER!$F$5:$I$44,4,TRUE),IF($L19="TER C",VLOOKUP(BF19,TER!$K$5:$N$45,4,TRUE),0))) -> 0 | BK19: =ROUND(BI19*BJ19,0) -> 0 | BM19: ='Data Gaji'!HL19 -> 0 | BN19: =IF($L19="TER A",VLOOKUP(BM19,TER!$A$5:$D$48,4,TRUE),IF($L19="TER B",VLOOKUP(BM19,TER!$F$5:$I$44,4,TRUE),IF($L19="TER C",VLOOKUP(BM19,TER!$K$5:$N$45,4,TRUE),0))) -> 0 | BO19: =IF($O19="Ya",BM19*BN19,0) -> 0 | BP19: =BM19+BO19 -> 0 | BQ19: =IF($L19="TER A",VLOOKUP(BM19,TER!$A$5:$D$48,4,TRUE),IF($L19="TER B",VLOOKUP(BM19,TER!$F$5:$I$44,4,TRUE),IF($L19="TER C",VLOOKUP(BM19,TER!$K$5:$N$45,4,TRUE),0))) -> 0 | BR19: =ROUND(BP19*BQ19,0) -> 0 | BT19: ='Data Gaji'!IL19 -> 0 | BU19: =IF($L19="TER A",VLOOKUP(BT19,TER!$A$5:$D$48,4,TRUE),IF($L19="TER B",VLOOKUP(BT19,TER!$F$5:$I$44,4,TRUE),IF($L19="TER C",VLOOKUP(BT19,TER!$K$5:$N$45,4,TRUE),0))) -> 0 | BV19: =IF($O19="Ya",BT19*BU19,0) -> 0 | BW19: =BT19+BV19 -> 0 | BX19: =IF($L19="TER A",VLOOKUP(BT19,TER!$A$5:$D$48,4,TRUE),IF($L19="TER B",VLOOKUP(BT19,TER!$F$5:$I$44,4,TRUE),IF($L19="TER C",VLOOKUP(BT19,TER!$K$5:$N$45,4,TRUE),0))) -> 0 | BY19: =ROUND(BW19*BX19,0) -> 0 | CA19: ='Data Gaji'!JL19 -> 0 | CB19: =IF($L19="TER A",VLOOKUP(CA19,TER!$A$5:$D$48,4,TRUE),IF($L19="TER B",VLOOKUP(CA19,TER!$F$5:$I$44,4,TRUE),IF($L19="TER C",VLOOKUP(CA19,TER!$K$5:$N$45,4,TRUE),0))) -> 0 | CC19: =IF($O19="Ya",CA19*CB19,0) -> 0 | CD19: =CA19+CC19 -> 0 | CE19: =IF($L19="TER A",VLOOKUP(CA19,TER!$A$5:$D$48,4,TRUE),IF($L19="TER B",VLOOKUP(CA19,TER!$F$5:$I$44,4,TRUE),IF($L19="TER C",VLOOKUP(CA19,TER!$K$5:$N$45,4,TRUE),0))) -> 0 | CF19: =ROUND(CD19*CE19,0) -> 0 | CH19: ='Data Gaji'!KL19 -> 0 | CI19: =IF($L19="TER A",VLOOKUP(CH19,TER!$A$5:$D$48,4,TRUE),IF($L19="TER B",VLOOKUP(CH19,TER!$F$5:$I$44,4,TRUE),IF($L19="TER C",VLOOKUP(CH19,TER!$K$5:$N$45,4,TRUE),0))) -> 0 | CJ19: =IF($O19="Ya",CH19*CI19,0) -> 0 | CK19: =CH19+CJ19 -> 0 | CL19: =IF($L19="TER A",VLOOKUP(CH19,TER!$A$5:$D$48,4,TRUE),IF($L19="TER B",VLOOKUP(CH19,TER!$F$5:$I$44,4,TRUE),IF($L19="TER C",VLOOKUP(CH19,TER!$K$5:$N$45,4,TRUE),0))) -> 0 | CM19: =ROUND(CK19*CL19,0) -> 0 | CO19: ='Data Gaji'!LL19 -> 0 | CP19: =IF($L19="TER A",VLOOKUP(CO19,TER!$A$5:$D$48,4,TRUE),IF($L19="TER B",VLOOKUP(CO19,TER!$F$5:$I$44,4,TRUE),IF($L19="TER C",VLOOKUP(CO19,TER!$K$5:$N$45,4,TRUE),0))) -> 0 | CQ19: =IF($O19="Ya",CO19*CP19,0) -> 0 | CR19: =CO19+CQ19 -> 0 | CS19: =IF($L19="TER A",VLOOKUP(CO19,TER!$A$5:$D$48,4,TRUE),IF($L19="TER B",VLOOKUP(CO19,TER!$F$5:$I$44,4,TRUE),IF($L19="TER C",VLOOKUP(CO19,TER!$K$5:$N$45,4,TRUE),0))) -> 0 | CT19: =CR19*CS19 -> 0
A20: =A19+1 -> 14 | K20: ='Data Gaji'!K20 -> 0 | L20: =IF(ISNA(VLOOKUP(K20,'PTKP & TARIF'!$D$4:$E$11,2,0)),"",VLOOKUP(K20,'PTKP & TARIF'!$D$4:$E$11,2,0)) | O20: TIDAK | P20: ='Data Gaji'!AL20 -> 0 | Q20: =IF($L20="TER A",VLOOKUP(P20,TER!$A$5:$D$48,4,TRUE),IF($L20="TER B",VLOOKUP(P20,TER!$F$5:$I$44,4,TRUE),IF($L20="TER C",VLOOKUP(P20,TER!$K$5:$N$45,4,TRUE),0))) -> 0 | R20: =IF($O20="Ya",P20*Q20,0) -> 0 | S20: =P20+R20 -> 0 | T20: =IF($L20="TER A",VLOOKUP(P20,TER!$A$5:$D$48,4,TRUE),IF($L20="TER B",VLOOKUP(P20,TER!$F$5:$I$44,4,TRUE),IF($L20="TER C",VLOOKUP(P20,TER!$K$5:$N$45,4,TRUE),0))) -> 0 | U20: =ROUND(S20*T20,0) -> 0 | W20: ='Data Gaji'!BL20 -> 0 | X20: =IF($L20="TER A",VLOOKUP(W20,TER!$A$5:$D$48,4,TRUE),IF($L20="TER B",VLOOKUP(W20,TER!$F$5:$I$44,4,TRUE),IF($L20="TER C",VLOOKUP(W20,TER!$K$5:$N$45,4,TRUE),0))) -> 0 | Y20: =IF($O20="Ya",W20*X20,0) -> 0 | Z20: =W20+Y20 -> 0 | AA20: =IF($L20="TER A",VLOOKUP(W20,TER!$A$5:$D$48,4,TRUE),IF($L20="TER B",VLOOKUP(W20,TER!$F$5:$I$44,4,TRUE),IF($L20="TER C",VLOOKUP(W20,TER!$K$5:$N$45,4,TRUE),0))) -> 0 | AB20: =ROUND(Z20*AA20,0) -> 0 | AD20: ='Data Gaji'!CL20 -> 0 | AE20: =IF($L20="TER A",VLOOKUP(AD20,TER!$A$5:$D$48,4,TRUE),IF($L20="TER B",VLOOKUP(AD20,TER!$F$5:$I$44,4,TRUE),IF($L20="TER C",VLOOKUP(AD20,TER!$K$5:$N$45,4,TRUE),0))) -> 0 | AF20: =IF($O20="Ya",AD20*AE20,0) -> 0 | AG20: =AD20+AF20 -> 0 | AH20: =IF($L20="TER A",VLOOKUP(AD20,TER!$A$5:$D$48,4,TRUE),IF($L20="TER B",VLOOKUP(AD20,TER!$F$5:$I$44,4,TRUE),IF($L20="TER C",VLOOKUP(AD20,TER!$K$5:$N$45,4,TRUE),0))) -> 0 | AI20: =ROUND(AG20*AH20,0) -> 0 | AK20: ='Data Gaji'!DL20 -> 0 | AL20: =IF($L20="TER A",VLOOKUP(AK20,TER!$A$5:$D$48,4,TRUE),IF($L20="TER B",VLOOKUP(AK20,TER!$F$5:$I$44,4,TRUE),IF($L20="TER C",VLOOKUP(AK20,TER!$K$5:$N$45,4,TRUE),0))) -> 0 | AM20: =IF($O20="Ya",AK20*AL20,0) -> 0 | AN20: =AK20+AM20 -> 0 | AO20: =IF($L20="TER A",VLOOKUP(AK20,TER!$A$5:$D$48,4,TRUE),IF($L20="TER B",VLOOKUP(AK20,TER!$F$5:$I$44,4,TRUE),IF($L20="TER C",VLOOKUP(AK20,TER!$K$5:$N$45,4,TRUE),0))) -> 0 | AP20: =ROUND(AN20*AO20,0) -> 0 | AR20: ='Data Gaji'!EL20 -> 0 | AS20: =IF($L20="TER A",VLOOKUP(AR20,TER!$A$5:$D$48,4,TRUE),IF($L20="TER B",VLOOKUP(AR20,TER!$F$5:$I$44,4,TRUE),IF($L20="TER C",VLOOKUP(AR20,TER!$K$5:$N$45,4,TRUE),0))) -> 0 | AT20: =IF($O20="Ya",AR20*AS20,0) -> 0 | AU20: =AR20+AT20 -> 0 | AV20: =IF($L20="TER A",VLOOKUP(AR20,TER!$A$5:$D$48,4,TRUE),IF($L20="TER B",VLOOKUP(AR20,TER!$F$5:$I$44,4,TRUE),IF($L20="TER C",VLOOKUP(AR20,TER!$K$5:$N$45,4,TRUE),0))) -> 0 | AW20: =ROUND(AU20*AV20,0) -> 0 | AY20: ='Data Gaji'!FL20 -> 0 | AZ20: =IF($L20="TER A",VLOOKUP(AY20,TER!$A$5:$D$48,4,TRUE),IF($L20="TER B",VLOOKUP(AY20,TER!$F$5:$I$44,4,TRUE),IF($L20="TER C",VLOOKUP(AY20,TER!$K$5:$N$45,4,TRUE),0))) -> 0 | BA20: =IF($O20="Ya",AY20*AZ20,0) -> 0 | BB20: =AY20+BA20 -> 0 | BC20: =IF($L20="TER A",VLOOKUP(AY20,TER!$A$5:$D$48,4,TRUE),IF($L20="TER B",VLOOKUP(AY20,TER!$F$5:$I$44,4,TRUE),IF($L20="TER C",VLOOKUP(AY20,TER!$K$5:$N$45,4,TRUE),0))) -> 0 | BD20: =ROUND(BB20*BC20,0) -> 0 | BF20: ='Data Gaji'!GL20 -> 0 | BG20: =IF($L20="TER A",VLOOKUP(BF20,TER!$A$5:$D$48,4,TRUE),IF($L20="TER B",VLOOKUP(BF20,TER!$F$5:$I$44,4,TRUE),IF($L20="TER C",VLOOKUP(BF20,TER!$K$5:$N$45,4,TRUE),0))) -> 0 | BH20: =IF($O20="Ya",BF20*BG20,0) -> 0 | BI20: =BF20+BH20 -> 0 | BJ20: =IF($L20="TER A",VLOOKUP(BF20,TER!$A$5:$D$48,4,TRUE),IF($L20="TER B",VLOOKUP(BF20,TER!$F$5:$I$44,4,TRUE),IF($L20="TER C",VLOOKUP(BF20,TER!$K$5:$N$45,4,TRUE),0))) -> 0 | BK20: =ROUND(BI20*BJ20,0) -> 0 | BM20: ='Data Gaji'!HL20 -> 0 | BN20: =IF($L20="TER A",VLOOKUP(BM20,TER!$A$5:$D$48,4,TRUE),IF($L20="TER B",VLOOKUP(BM20,TER!$F$5:$I$44,4,TRUE),IF($L20="TER C",VLOOKUP(BM20,TER!$K$5:$N$45,4,TRUE),0))) -> 0 | BO20: =IF($O20="Ya",BM20*BN20,0) -> 0 | BP20: =BM20+BO20 -> 0 | BQ20: =IF($L20="TER A",VLOOKUP(BM20,TER!$A$5:$D$48,4,TRUE),IF($L20="TER B",VLOOKUP(BM20,TER!$F$5:$I$44,4,TRUE),IF($L20="TER C",VLOOKUP(BM20,TER!$K$5:$N$45,4,TRUE),0))) -> 0 | BR20: =ROUND(BP20*BQ20,0) -> 0 | BT20: ='Data Gaji'!IL20 -> 0 | BU20: =IF($L20="TER A",VLOOKUP(BT20,TER!$A$5:$D$48,4,TRUE),IF($L20="TER B",VLOOKUP(BT20,TER!$F$5:$I$44,4,TRUE),IF($L20="TER C",VLOOKUP(BT20,TER!$K$5:$N$45,4,TRUE),0))) -> 0 | BV20: =IF($O20="Ya",BT20*BU20,0) -> 0 | BW20: =BT20+BV20 -> 0 | BX20: =IF($L20="TER A",VLOOKUP(BT20,TER!$A$5:$D$48,4,TRUE),IF($L20="TER B",VLOOKUP(BT20,TER!$F$5:$I$44,4,TRUE),IF($L20="TER C",VLOOKUP(BT20,TER!$K$5:$N$45,4,TRUE),0))) -> 0 | BY20: =ROUND(BW20*BX20,0) -> 0 | CA20: ='Data Gaji'!JL20 -> 0 | CB20: =IF($L20="TER A",VLOOKUP(CA20,TER!$A$5:$D$48,4,TRUE),IF($L20="TER B",VLOOKUP(CA20,TER!$F$5:$I$44,4,TRUE),IF($L20="TER C",VLOOKUP(CA20,TER!$K$5:$N$45,4,TRUE),0))) -> 0 | CC20: =IF($O20="Ya",CA20*CB20,0) -> 0 | CD20: =CA20+CC20 -> 0 | CE20: =IF($L20="TER A",VLOOKUP(CA20,TER!$A$5:$D$48,4,TRUE),IF($L20="TER B",VLOOKUP(CA20,TER!$F$5:$I$44,4,TRUE),IF($L20="TER C",VLOOKUP(CA20,TER!$K$5:$N$45,4,TRUE),0))) -> 0 | CF20: =ROUND(CD20*CE20,0) -> 0 | CH20: ='Data Gaji'!KL20 -> 0 | CI20: =IF($L20="TER A",VLOOKUP(CH20,TER!$A$5:$D$48,4,TRUE),IF($L20="TER B",VLOOKUP(CH20,TER!$F$5:$I$44,4,TRUE),IF($L20="TER C",VLOOKUP(CH20,TER!$K$5:$N$45,4,TRUE),0))) -> 0 | CJ20: =IF($O20="Ya",CH20*CI20,0) -> 0 | CK20: =CH20+CJ20 -> 0 | CL20: =IF($L20="TER A",VLOOKUP(CH20,TER!$A$5:$D$48,4,TRUE),IF($L20="TER B",VLOOKUP(CH20,TER!$F$5:$I$44,4,TRUE),IF($L20="TER C",VLOOKUP(CH20,TER!$K$5:$N$45,4,TRUE),0))) -> 0 | CM20: =ROUND(CK20*CL20,0) -> 0 | CO20: ='Data Gaji'!LL20 -> 0 | CP20: =IF($L20="TER A",VLOOKUP(CO20,TER!$A$5:$D$48,4,TRUE),IF($L20="TER B",VLOOKUP(CO20,TER!$F$5:$I$44,4,TRUE),IF($L20="TER C",VLOOKUP(CO20,TER!$K$5:$N$45,4,TRUE),0))) -> 0 | CQ20: =IF($O20="Ya",CO20*CP20,0) -> 0 | CR20: =CO20+CQ20 -> 0 | CS20: =IF($L20="TER A",VLOOKUP(CO20,TER!$A$5:$D$48,4,TRUE),IF($L20="TER B",VLOOKUP(CO20,TER!$F$5:$I$44,4,TRUE),IF($L20="TER C",VLOOKUP(CO20,TER!$K$5:$N$45,4,TRUE),0))) -> 0 | CT20: =CR20*CS20 -> 0
A21: =A20+1 -> 15 | K21: ='Data Gaji'!K21 -> 0 | L21: =IF(ISNA(VLOOKUP(K21,'PTKP & TARIF'!$D$4:$E$11,2,0)),"",VLOOKUP(K21,'PTKP & TARIF'!$D$4:$E$11,2,0)) | O21: TIDAK | P21: ='Data Gaji'!AL21 -> 0 | Q21: =IF($L21="TER A",VLOOKUP(P21,TER!$A$5:$D$48,4,TRUE),IF($L21="TER B",VLOOKUP(P21,TER!$F$5:$I$44,4,TRUE),IF($L21="TER C",VLOOKUP(P21,TER!$K$5:$N$45,4,TRUE),0))) -> 0 | R21: =IF($O21="Ya",P21*Q21,0) -> 0 | S21: =P21+R21 -> 0 | T21: =IF($L21="TER A",VLOOKUP(P21,TER!$A$5:$D$48,4,TRUE),IF($L21="TER B",VLOOKUP(P21,TER!$F$5:$I$44,4,TRUE),IF($L21="TER C",VLOOKUP(P21,TER!$K$5:$N$45,4,TRUE),0))) -> 0 | U21: =ROUND(S21*T21,0) -> 0 | W21: ='Data Gaji'!BL21 -> 0 | X21: =IF($L21="TER A",VLOOKUP(W21,TER!$A$5:$D$48,4,TRUE),IF($L21="TER B",VLOOKUP(W21,TER!$F$5:$I$44,4,TRUE),IF($L21="TER C",VLOOKUP(W21,TER!$K$5:$N$45,4,TRUE),0))) -> 0 | Y21: =IF($O21="Ya",W21*X21,0) -> 0 | Z21: =W21+Y21 -> 0 | AA21: =IF($L21="TER A",VLOOKUP(W21,TER!$A$5:$D$48,4,TRUE),IF($L21="TER B",VLOOKUP(W21,TER!$F$5:$I$44,4,TRUE),IF($L21="TER C",VLOOKUP(W21,TER!$K$5:$N$45,4,TRUE),0))) -> 0 | AB21: =ROUND(Z21*AA21,0) -> 0 | AD21: ='Data Gaji'!CL21 -> 0 | AE21: =IF($L21="TER A",VLOOKUP(AD21,TER!$A$5:$D$48,4,TRUE),IF($L21="TER B",VLOOKUP(AD21,TER!$F$5:$I$44,4,TRUE),IF($L21="TER C",VLOOKUP(AD21,TER!$K$5:$N$45,4,TRUE),0))) -> 0 | AF21: =IF($O21="Ya",AD21*AE21,0) -> 0 | AG21: =AD21+AF21 -> 0 | AH21: =IF($L21="TER A",VLOOKUP(AD21,TER!$A$5:$D$48,4,TRUE),IF($L21="TER B",VLOOKUP(AD21,TER!$F$5:$I$44,4,TRUE),IF($L21="TER C",VLOOKUP(AD21,TER!$K$5:$N$45,4,TRUE),0))) -> 0 | AI21: =ROUND(AG21*AH21,0) -> 0 | AK21: ='Data Gaji'!DL21 -> 0 | AL21: =IF($L21="TER A",VLOOKUP(AK21,TER!$A$5:$D$48,4,TRUE),IF($L21="TER B",VLOOKUP(AK21,TER!$F$5:$I$44,4,TRUE),IF($L21="TER C",VLOOKUP(AK21,TER!$K$5:$N$45,4,TRUE),0))) -> 0 | AM21: =IF($O21="Ya",AK21*AL21,0) -> 0 | AN21: =AK21+AM21 -> 0 | AO21: =IF($L21="TER A",VLOOKUP(AK21,TER!$A$5:$D$48,4,TRUE),IF($L21="TER B",VLOOKUP(AK21,TER!$F$5:$I$44,4,TRUE),IF($L21="TER C",VLOOKUP(AK21,TER!$K$5:$N$45,4,TRUE),0))) -> 0 | AP21: =ROUND(AN21*AO21,0) -> 0 | AR21: ='Data Gaji'!EL21 -> 0 | AS21: =IF($L21="TER A",VLOOKUP(AR21,TER!$A$5:$D$48,4,TRUE),IF($L21="TER B",VLOOKUP(AR21,TER!$F$5:$I$44,4,TRUE),IF($L21="TER C",VLOOKUP(AR21,TER!$K$5:$N$45,4,TRUE),0))) -> 0 | AT21: =IF($O21="Ya",AR21*AS21,0) -> 0 | AU21: =AR21+AT21 -> 0 | AV21: =IF($L21="TER A",VLOOKUP(AR21,TER!$A$5:$D$48,4,TRUE),IF($L21="TER B",VLOOKUP(AR21,TER!$F$5:$I$44,4,TRUE),IF($L21="TER C",VLOOKUP(AR21,TER!$K$5:$N$45,4,TRUE),0))) -> 0 | AW21: =ROUND(AU21*AV21,0) -> 0 | AY21: ='Data Gaji'!FL21 -> 0 | AZ21: =IF($L21="TER A",VLOOKUP(AY21,TER!$A$5:$D$48,4,TRUE),IF($L21="TER B",VLOOKUP(AY21,TER!$F$5:$I$44,4,TRUE),IF($L21="TER C",VLOOKUP(AY21,TER!$K$5:$N$45,4,TRUE),0))) -> 0 | BA21: =IF($O21="Ya",AY21*AZ21,0) -> 0 | BB21: =AY21+BA21 -> 0 | BC21: =IF($L21="TER A",VLOOKUP(AY21,TER!$A$5:$D$48,4,TRUE),IF($L21="TER B",VLOOKUP(AY21,TER!$F$5:$I$44,4,TRUE),IF($L21="TER C",VLOOKUP(AY21,TER!$K$5:$N$45,4,TRUE),0))) -> 0 | BD21: =ROUND(BB21*BC21,0) -> 0 | BF21: ='Data Gaji'!GL21 -> 0 | BG21: =IF($L21="TER A",VLOOKUP(BF21,TER!$A$5:$D$48,4,TRUE),IF($L21="TER B",VLOOKUP(BF21,TER!$F$5:$I$44,4,TRUE),IF($L21="TER C",VLOOKUP(BF21,TER!$K$5:$N$45,4,TRUE),0))) -> 0 | BH21: =IF($O21="Ya",BF21*BG21,0) -> 0 | BI21: =BF21+BH21 -> 0 | BJ21: =IF($L21="TER A",VLOOKUP(BF21,TER!$A$5:$D$48,4,TRUE),IF($L21="TER B",VLOOKUP(BF21,TER!$F$5:$I$44,4,TRUE),IF($L21="TER C",VLOOKUP(BF21,TER!$K$5:$N$45,4,TRUE),0))) -> 0 | BK21: =ROUND(BI21*BJ21,0) -> 0 | BM21: ='Data Gaji'!HL21 -> 0 | BN21: =IF($L21="TER A",VLOOKUP(BM21,TER!$A$5:$D$48,4,TRUE),IF($L21="TER B",VLOOKUP(BM21,TER!$F$5:$I$44,4,TRUE),IF($L21="TER C",VLOOKUP(BM21,TER!$K$5:$N$45,4,TRUE),0))) -> 0 | BO21: =IF($O21="Ya",BM21*BN21,0) -> 0 | BP21: =BM21+BO21 -> 0 | BQ21: =IF($L21="TER A",VLOOKUP(BM21,TER!$A$5:$D$48,4,TRUE),IF($L21="TER B",VLOOKUP(BM21,TER!$F$5:$I$44,4,TRUE),IF($L21="TER C",VLOOKUP(BM21,TER!$K$5:$N$45,4,TRUE),0))) -> 0 | BR21: =ROUND(BP21*BQ21,0) -> 0 | BT21: ='Data Gaji'!IL21 -> 0 | BU21: =IF($L21="TER A",VLOOKUP(BT21,TER!$A$5:$D$48,4,TRUE),IF($L21="TER B",VLOOKUP(BT21,TER!$F$5:$I$44,4,TRUE),IF($L21="TER C",VLOOKUP(BT21,TER!$K$5:$N$45,4,TRUE),0))) -> 0 | BV21: =IF($O21="Ya",BT21*BU21,0) -> 0 | BW21: =BT21+BV21 -> 0 | BX21: =IF($L21="TER A",VLOOKUP(BT21,TER!$A$5:$D$48,4,TRUE),IF($L21="TER B",VLOOKUP(BT21,TER!$F$5:$I$44,4,TRUE),IF($L21="TER C",VLOOKUP(BT21,TER!$K$5:$N$45,4,TRUE),0))) -> 0 | BY21: =ROUND(BW21*BX21,0) -> 0 | CA21: ='Data Gaji'!JL21 -> 0 | CB21: =IF($L21="TER A",VLOOKUP(CA21,TER!$A$5:$D$48,4,TRUE),IF($L21="TER B",VLOOKUP(CA21,TER!$F$5:$I$44,4,TRUE),IF($L21="TER C",VLOOKUP(CA21,TER!$K$5:$N$45,4,TRUE),0))) -> 0 | CC21: =IF($O21="Ya",CA21*CB21,0) -> 0 | CD21: =CA21+CC21 -> 0 | CE21: =IF($L21="TER A",VLOOKUP(CA21,TER!$A$5:$D$48,4,TRUE),IF($L21="TER B",VLOOKUP(CA21,TER!$F$5:$I$44,4,TRUE),IF($L21="TER C",VLOOKUP(CA21,TER!$K$5:$N$45,4,TRUE),0))) -> 0 | CF21: =ROUND(CD21*CE21,0) -> 0 | CH21: ='Data Gaji'!KL21 -> 0 | CI21: =IF($L21="TER A",VLOOKUP(CH21,TER!$A$5:$D$48,4,TRUE),IF($L21="TER B",VLOOKUP(CH21,TER!$F$5:$I$44,4,TRUE),IF($L21="TER C",VLOOKUP(CH21,TER!$K$5:$N$45,4,TRUE),0))) -> 0 | CJ21: =IF($O21="Ya",CH21*CI21,0) -> 0 | CK21: =CH21+CJ21 -> 0 | CL21: =IF($L21="TER A",VLOOKUP(CH21,TER!$A$5:$D$48,4,TRUE),IF($L21="TER B",VLOOKUP(CH21,TER!$F$5:$I$44,4,TRUE),IF($L21="TER C",VLOOKUP(CH21,TER!$K$5:$N$45,4,TRUE),0))) -> 0 | CM21: =ROUND(CK21*CL21,0) -> 0 | CO21: ='Data Gaji'!LL21 -> 0 | CP21: =IF($L21="TER A",VLOOKUP(CO21,TER!$A$5:$D$48,4,TRUE),IF($L21="TER B",VLOOKUP(CO21,TER!$F$5:$I$44,4,TRUE),IF($L21="TER C",VLOOKUP(CO21,TER!$K$5:$N$45,4,TRUE),0))) -> 0 | CQ21: =IF($O21="Ya",CO21*CP21,0) -> 0 | CR21: =CO21+CQ21 -> 0 | CS21: =IF($L21="TER A",VLOOKUP(CO21,TER!$A$5:$D$48,4,TRUE),IF($L21="TER B",VLOOKUP(CO21,TER!$F$5:$I$44,4,TRUE),IF($L21="TER C",VLOOKUP(CO21,TER!$K$5:$N$45,4,TRUE),0))) -> 0 | CT21: =CR21*CS21 -> 0
A22: =A21+1 -> 16 | K22: ='Data Gaji'!K22 -> 0 | L22: =IF(ISNA(VLOOKUP(K22,'PTKP & TARIF'!$D$4:$E$11,2,0)),"",VLOOKUP(K22,'PTKP & TARIF'!$D$4:$E$11,2,0)) | O22: TIDAK | P22: ='Data Gaji'!AL22 -> 0 | Q22: =IF($L22="TER A",VLOOKUP(P22,TER!$A$5:$D$48,4,TRUE),IF($L22="TER B",VLOOKUP(P22,TER!$F$5:$I$44,4,TRUE),IF($L22="TER C",VLOOKUP(P22,TER!$K$5:$N$45,4,TRUE),0))) -> 0 | R22: =IF($O22="Ya",P22*Q22,0) -> 0 | S22: =P22+R22 -> 0 | T22: =IF($L22="TER A",VLOOKUP(P22,TER!$A$5:$D$48,4,TRUE),IF($L22="TER B",VLOOKUP(P22,TER!$F$5:$I$44,4,TRUE),IF($L22="TER C",VLOOKUP(P22,TER!$K$5:$N$45,4,TRUE),0))) -> 0 | U22: =ROUND(S22*T22,0) -> 0 | W22: ='Data Gaji'!BL22 -> 0 | X22: =IF($L22="TER A",VLOOKUP(W22,TER!$A$5:$D$48,4,TRUE),IF($L22="TER B",VLOOKUP(W22,TER!$F$5:$I$44,4,TRUE),IF($L22="TER C",VLOOKUP(W22,TER!$K$5:$N$45,4,TRUE),0))) -> 0 | Y22: =IF($O22="Ya",W22*X22,0) -> 0 | Z22: =W22+Y22 -> 0 | AA22: =IF($L22="TER A",VLOOKUP(W22,TER!$A$5:$D$48,4,TRUE),IF($L22="TER B",VLOOKUP(W22,TER!$F$5:$I$44,4,TRUE),IF($L22="TER C",VLOOKUP(W22,TER!$K$5:$N$45,4,TRUE),0))) -> 0 | AB22: =ROUND(Z22*AA22,0) -> 0 | AD22: ='Data Gaji'!CL22 -> 0 | AE22: =IF($L22="TER A",VLOOKUP(AD22,TER!$A$5:$D$48,4,TRUE),IF($L22="TER B",VLOOKUP(AD22,TER!$F$5:$I$44,4,TRUE),IF($L22="TER C",VLOOKUP(AD22,TER!$K$5:$N$45,4,TRUE),0))) -> 0 | AF22: =IF($O22="Ya",AD22*AE22,0) -> 0 | AG22: =AD22+AF22 -> 0 | AH22: =IF($L22="TER A",VLOOKUP(AD22,TER!$A$5:$D$48,4,TRUE),IF($L22="TER B",VLOOKUP(AD22,TER!$F$5:$I$44,4,TRUE),IF($L22="TER C",VLOOKUP(AD22,TER!$K$5:$N$45,4,TRUE),0))) -> 0 | AI22: =ROUND(AG22*AH22,0) -> 0 | AK22: ='Data Gaji'!DL22 -> 0 | AL22: =IF($L22="TER A",VLOOKUP(AK22,TER!$A$5:$D$48,4,TRUE),IF($L22="TER B",VLOOKUP(AK22,TER!$F$5:$I$44,4,TRUE),IF($L22="TER C",VLOOKUP(AK22,TER!$K$5:$N$45,4,TRUE),0))) -> 0 | AM22: =IF($O22="Ya",AK22*AL22,0) -> 0 | AN22: =AK22+AM22 -> 0 | AO22: =IF($L22="TER A",VLOOKUP(AK22,TER!$A$5:$D$48,4,TRUE),IF($L22="TER B",VLOOKUP(AK22,TER!$F$5:$I$44,4,TRUE),IF($L22="TER C",VLOOKUP(AK22,TER!$K$5:$N$45,4,TRUE),0))) -> 0 | AP22: =ROUND(AN22*AO22,0) -> 0 | AR22: ='Data Gaji'!EL22 -> 0 | AS22: =IF($L22="TER A",VLOOKUP(AR22,TER!$A$5:$D$48,4,TRUE),IF($L22="TER B",VLOOKUP(AR22,TER!$F$5:$I$44,4,TRUE),IF($L22="TER C",VLOOKUP(AR22,TER!$K$5:$N$45,4,TRUE),0))) -> 0 | AT22: =IF($O22="Ya",AR22*AS22,0) -> 0 | AU22: =AR22+AT22 -> 0 | AV22: =IF($L22="TER A",VLOOKUP(AR22,TER!$A$5:$D$48,4,TRUE),IF($L22="TER B",VLOOKUP(AR22,TER!$F$5:$I$44,4,TRUE),IF($L22="TER C",VLOOKUP(AR22,TER!$K$5:$N$45,4,TRUE),0))) -> 0 | AW22: =ROUND(AU22*AV22,0) -> 0 | AY22: ='Data Gaji'!FL22 -> 0 | AZ22: =IF($L22="TER A",VLOOKUP(AY22,TER!$A$5:$D$48,4,TRUE),IF($L22="TER B",VLOOKUP(AY22,TER!$F$5:$I$44,4,TRUE),IF($L22="TER C",VLOOKUP(AY22,TER!$K$5:$N$45,4,TRUE),0))) -> 0 | BA22: =IF($O22="Ya",AY22*AZ22,0) -> 0 | BB22: =AY22+BA22 -> 0 | BC22: =IF($L22="TER A",VLOOKUP(AY22,TER!$A$5:$D$48,4,TRUE),IF($L22="TER B",VLOOKUP(AY22,TER!$F$5:$I$44,4,TRUE),IF($L22="TER C",VLOOKUP(AY22,TER!$K$5:$N$45,4,TRUE),0))) -> 0 | BD22: =ROUND(BB22*BC22,0) -> 0 | BF22: ='Data Gaji'!GL22 -> 0 | BG22: =IF($L22="TER A",VLOOKUP(BF22,TER!$A$5:$D$48,4,TRUE),IF($L22="TER B",VLOOKUP(BF22,TER!$F$5:$I$44,4,TRUE),IF($L22="TER C",VLOOKUP(BF22,TER!$K$5:$N$45,4,TRUE),0))) -> 0 | BH22: =IF($O22="Ya",BF22*BG22,0) -> 0 | BI22: =BF22+BH22 -> 0 | BJ22: =IF($L22="TER A",VLOOKUP(BF22,TER!$A$5:$D$48,4,TRUE),IF($L22="TER B",VLOOKUP(BF22,TER!$F$5:$I$44,4,TRUE),IF($L22="TER C",VLOOKUP(BF22,TER!$K$5:$N$45,4,TRUE),0))) -> 0 | BK22: =ROUND(BI22*BJ22,0) -> 0 | BM22: ='Data Gaji'!HL22 -> 0 | BN22: =IF($L22="TER A",VLOOKUP(BM22,TER!$A$5:$D$48,4,TRUE),IF($L22="TER B",VLOOKUP(BM22,TER!$F$5:$I$44,4,TRUE),IF($L22="TER C",VLOOKUP(BM22,TER!$K$5:$N$45,4,TRUE),0))) -> 0 | BO22: =IF($O22="Ya",BM22*BN22,0) -> 0 | BP22: =BM22+BO22 -> 0 | BQ22: =IF($L22="TER A",VLOOKUP(BM22,TER!$A$5:$D$48,4,TRUE),IF($L22="TER B",VLOOKUP(BM22,TER!$F$5:$I$44,4,TRUE),IF($L22="TER C",VLOOKUP(BM22,TER!$K$5:$N$45,4,TRUE),0))) -> 0 | BR22: =ROUND(BP22*BQ22,0) -> 0 | BT22: ='Data Gaji'!IL22 -> 0 | BU22: =IF($L22="TER A",VLOOKUP(BT22,TER!$A$5:$D$48,4,TRUE),IF($L22="TER B",VLOOKUP(BT22,TER!$F$5:$I$44,4,TRUE),IF($L22="TER C",VLOOKUP(BT22,TER!$K$5:$N$45,4,TRUE),0))) -> 0 | BV22: =IF($O22="Ya",BT22*BU22,0) -> 0 | BW22: =BT22+BV22 -> 0 | BX22: =IF($L22="TER A",VLOOKUP(BT22,TER!$A$5:$D$48,4,TRUE),IF($L22="TER B",VLOOKUP(BT22,TER!$F$5:$I$44,4,TRUE),IF($L22="TER C",VLOOKUP(BT22,TER!$K$5:$N$45,4,TRUE),0))) -> 0 | BY22: =ROUND(BW22*BX22,0) -> 0 | CA22: ='Data Gaji'!JL22 -> 0 | CB22: =IF($L22="TER A",VLOOKUP(CA22,TER!$A$5:$D$48,4,TRUE),IF($L22="TER B",VLOOKUP(CA22,TER!$F$5:$I$44,4,TRUE),IF($L22="TER C",VLOOKUP(CA22,TER!$K$5:$N$45,4,TRUE),0))) -> 0 | CC22: =IF($O22="Ya",CA22*CB22,0) -> 0 | CD22: =CA22+CC22 -> 0 | CE22: =IF($L22="TER A",VLOOKUP(CA22,TER!$A$5:$D$48,4,TRUE),IF($L22="TER B",VLOOKUP(CA22,TER!$F$5:$I$44,4,TRUE),IF($L22="TER C",VLOOKUP(CA22,TER!$K$5:$N$45,4,TRUE),0))) -> 0 | CF22: =ROUND(CD22*CE22,0) -> 0 | CH22: ='Data Gaji'!KL22 -> 0 | CI22: =IF($L22="TER A",VLOOKUP(CH22,TER!$A$5:$D$48,4,TRUE),IF($L22="TER B",VLOOKUP(CH22,TER!$F$5:$I$44,4,TRUE),IF($L22="TER C",VLOOKUP(CH22,TER!$K$5:$N$45,4,TRUE),0))) -> 0 | CJ22: =IF($O22="Ya",CH22*CI22,0) -> 0 | CK22: =CH22+CJ22 -> 0 | CL22: =IF($L22="TER A",VLOOKUP(CH22,TER!$A$5:$D$48,4,TRUE),IF($L22="TER B",VLOOKUP(CH22,TER!$F$5:$I$44,4,TRUE),IF($L22="TER C",VLOOKUP(CH22,TER!$K$5:$N$45,4,TRUE),0))) -> 0 | CM22: =ROUND(CK22*CL22,0) -> 0 | CO22: ='Data Gaji'!LL22 -> 0 | CP22: =IF($L22="TER A",VLOOKUP(CO22,TER!$A$5:$D$48,4,TRUE),IF($L22="TER B",VLOOKUP(CO22,TER!$F$5:$I$44,4,TRUE),IF($L22="TER C",VLOOKUP(CO22,TER!$K$5:$N$45,4,TRUE),0))) -> 0 | CQ22: =IF($O22="Ya",CO22*CP22,0) -> 0 | CR22: =CO22+CQ22 -> 0 | CS22: =IF($L22="TER A",VLOOKUP(CO22,TER!$A$5:$D$48,4,TRUE),IF($L22="TER B",VLOOKUP(CO22,TER!$F$5:$I$44,4,TRUE),IF($L22="TER C",VLOOKUP(CO22,TER!$K$5:$N$45,4,TRUE),0))) -> 0 | CT22: =CR22*CS22 -> 0
A23: =A22+1 -> 17 | K23: ='Data Gaji'!K23 -> 0 | L23: =IF(ISNA(VLOOKUP(K23,'PTKP & TARIF'!$D$4:$E$11,2,0)),"",VLOOKUP(K23,'PTKP & TARIF'!$D$4:$E$11,2,0)) | O23: TIDAK | P23: ='Data Gaji'!AL23 -> 0 | Q23: =IF($L23="TER A",VLOOKUP(P23,TER!$A$5:$D$48,4,TRUE),IF($L23="TER B",VLOOKUP(P23,TER!$F$5:$I$44,4,TRUE),IF($L23="TER C",VLOOKUP(P23,TER!$K$5:$N$45,4,TRUE),0))) -> 0 | R23: =IF($O23="Ya",P23*Q23,0) -> 0 | S23: =P23+R23 -> 0 | T23: =IF($L23="TER A",VLOOKUP(P23,TER!$A$5:$D$48,4,TRUE),IF($L23="TER B",VLOOKUP(P23,TER!$F$5:$I$44,4,TRUE),IF($L23="TER C",VLOOKUP(P23,TER!$K$5:$N$45,4,TRUE),0))) -> 0 | U23: =ROUND(S23*T23,0) -> 0 | W23: ='Data Gaji'!BL23 -> 0 | X23: =IF($L23="TER A",VLOOKUP(W23,TER!$A$5:$D$48,4,TRUE),IF($L23="TER B",VLOOKUP(W23,TER!$F$5:$I$44,4,TRUE),IF($L23="TER C",VLOOKUP(W23,TER!$K$5:$N$45,4,TRUE),0))) -> 0 | Y23: =IF($O23="Ya",W23*X23,0) -> 0 | Z23: =W23+Y23 -> 0 | AA23: =IF($L23="TER A",VLOOKUP(W23,TER!$A$5:$D$48,4,TRUE),IF($L23="TER B",VLOOKUP(W23,TER!$F$5:$I$44,4,TRUE),IF($L23="TER C",VLOOKUP(W23,TER!$K$5:$N$45,4,TRUE),0))) -> 0 | AB23: =ROUND(Z23*AA23,0) -> 0 | AD23: ='Data Gaji'!CL23 -> 0 | AE23: =IF($L23="TER A",VLOOKUP(AD23,TER!$A$5:$D$48,4,TRUE),IF($L23="TER B",VLOOKUP(AD23,TER!$F$5:$I$44,4,TRUE),IF($L23="TER C",VLOOKUP(AD23,TER!$K$5:$N$45,4,TRUE),0))) -> 0 | AF23: =IF($O23="Ya",AD23*AE23,0) -> 0 | AG23: =AD23+AF23 -> 0 | AH23: =IF($L23="TER A",VLOOKUP(AD23,TER!$A$5:$D$48,4,TRUE),IF($L23="TER B",VLOOKUP(AD23,TER!$F$5:$I$44,4,TRUE),IF($L23="TER C",VLOOKUP(AD23,TER!$K$5:$N$45,4,TRUE),0))) -> 0 | AI23: =ROUND(AG23*AH23,0) -> 0 | AK23: ='Data Gaji'!DL23 -> 0 | AL23: =IF($L23="TER A",VLOOKUP(AK23,TER!$A$5:$D$48,4,TRUE),IF($L23="TER B",VLOOKUP(AK23,TER!$F$5:$I$44,4,TRUE),IF($L23="TER C",VLOOKUP(AK23,TER!$K$5:$N$45,4,TRUE),0))) -> 0 | AM23: =IF($O23="Ya",AK23*AL23,0) -> 0 | AN23: =AK23+AM23 -> 0 | AO23: =IF($L23="TER A",VLOOKUP(AK23,TER!$A$5:$D$48,4,TRUE),IF($L23="TER B",VLOOKUP(AK23,TER!$F$5:$I$44,4,TRUE),IF($L23="TER C",VLOOKUP(AK23,TER!$K$5:$N$45,4,TRUE),0))) -> 0 | AP23: =ROUND(AN23*AO23,0) -> 0 | AR23: ='Data Gaji'!EL23 -> 0 | AS23: =IF($L23="TER A",VLOOKUP(AR23,TER!$A$5:$D$48,4,TRUE),IF($L23="TER B",VLOOKUP(AR23,TER!$F$5:$I$44,4,TRUE),IF($L23="TER C",VLOOKUP(AR23,TER!$K$5:$N$45,4,TRUE),0))) -> 0 | AT23: =IF($O23="Ya",AR23*AS23,0) -> 0 | AU23: =AR23+AT23 -> 0 | AV23: =IF($L23="TER A",VLOOKUP(AR23,TER!$A$5:$D$48,4,TRUE),IF($L23="TER B",VLOOKUP(AR23,TER!$F$5:$I$44,4,TRUE),IF($L23="TER C",VLOOKUP(AR23,TER!$K$5:$N$45,4,TRUE),0))) -> 0 | AW23: =ROUND(AU23*AV23,0) -> 0 | AY23: ='Data Gaji'!FL23 -> 0 | AZ23: =IF($L23="TER A",VLOOKUP(AY23,TER!$A$5:$D$48,4,TRUE),IF($L23="TER B",VLOOKUP(AY23,TER!$F$5:$I$44,4,TRUE),IF($L23="TER C",VLOOKUP(AY23,TER!$K$5:$N$45,4,TRUE),0))) -> 0 | BA23: =IF($O23="Ya",AY23*AZ23,0) -> 0 | BB23: =AY23+BA23 -> 0 | BC23: =IF($L23="TER A",VLOOKUP(AY23,TER!$A$5:$D$48,4,TRUE),IF($L23="TER B",VLOOKUP(AY23,TER!$F$5:$I$44,4,TRUE),IF($L23="TER C",VLOOKUP(AY23,TER!$K$5:$N$45,4,TRUE),0))) -> 0 | BD23: =ROUND(BB23*BC23,0) -> 0 | BF23: ='Data Gaji'!GL23 -> 0 | BG23: =IF($L23="TER A",VLOOKUP(BF23,TER!$A$5:$D$48,4,TRUE),IF($L23="TER B",VLOOKUP(BF23,TER!$F$5:$I$44,4,TRUE),IF($L23="TER C",VLOOKUP(BF23,TER!$K$5:$N$45,4,TRUE),0))) -> 0 | BH23: =IF($O23="Ya",BF23*BG23,0) -> 0 | BI23: =BF23+BH23 -> 0 | BJ23: =IF($L23="TER A",VLOOKUP(BF23,TER!$A$5:$D$48,4,TRUE),IF($L23="TER B",VLOOKUP(BF23,TER!$F$5:$I$44,4,TRUE),IF($L23="TER C",VLOOKUP(BF23,TER!$K$5:$N$45,4,TRUE),0))) -> 0 | BK23: =ROUND(BI23*BJ23,0) -> 0 | BM23: ='Data Gaji'!HL23 -> 0 | BN23: =IF($L23="TER A",VLOOKUP(BM23,TER!$A$5:$D$48,4,TRUE),IF($L23="TER B",VLOOKUP(BM23,TER!$F$5:$I$44,4,TRUE),IF($L23="TER C",VLOOKUP(BM23,TER!$K$5:$N$45,4,TRUE),0))) -> 0 | BO23: =IF($O23="Ya",BM23*BN23,0) -> 0 | BP23: =BM23+BO23 -> 0 | BQ23: =IF($L23="TER A",VLOOKUP(BM23,TER!$A$5:$D$48,4,TRUE),IF($L23="TER B",VLOOKUP(BM23,TER!$F$5:$I$44,4,TRUE),IF($L23="TER C",VLOOKUP(BM23,TER!$K$5:$N$45,4,TRUE),0))) -> 0 | BR23: =ROUND(BP23*BQ23,0) -> 0 | BT23: ='Data Gaji'!IL23 -> 0 | BU23: =IF($L23="TER A",VLOOKUP(BT23,TER!$A$5:$D$48,4,TRUE),IF($L23="TER B",VLOOKUP(BT23,TER!$F$5:$I$44,4,TRUE),IF($L23="TER C",VLOOKUP(BT23,TER!$K$5:$N$45,4,TRUE),0))) -> 0 | BV23: =IF($O23="Ya",BT23*BU23,0) -> 0 | BW23: =BT23+BV23 -> 0 | BX23: =IF($L23="TER A",VLOOKUP(BT23,TER!$A$5:$D$48,4,TRUE),IF($L23="TER B",VLOOKUP(BT23,TER!$F$5:$I$44,4,TRUE),IF($L23="TER C",VLOOKUP(BT23,TER!$K$5:$N$45,4,TRUE),0))) -> 0 | BY23: =ROUND(BW23*BX23,0) -> 0 | CA23: ='Data Gaji'!JL23 -> 0 | CB23: =IF($L23="TER A",VLOOKUP(CA23,TER!$A$5:$D$48,4,TRUE),IF($L23="TER B",VLOOKUP(CA23,TER!$F$5:$I$44,4,TRUE),IF($L23="TER C",VLOOKUP(CA23,TER!$K$5:$N$45,4,TRUE),0))) -> 0 | CC23: =IF($O23="Ya",CA23*CB23,0) -> 0 | CD23: =CA23+CC23 -> 0 | CE23: =IF($L23="TER A",VLOOKUP(CA23,TER!$A$5:$D$48,4,TRUE),IF($L23="TER B",VLOOKUP(CA23,TER!$F$5:$I$44,4,TRUE),IF($L23="TER C",VLOOKUP(CA23,TER!$K$5:$N$45,4,TRUE),0))) -> 0 | CF23: =ROUND(CD23*CE23,0) -> 0 | CH23: ='Data Gaji'!KL23 -> 0 | CI23: =IF($L23="TER A",VLOOKUP(CH23,TER!$A$5:$D$48,4,TRUE),IF($L23="TER B",VLOOKUP(CH23,TER!$F$5:$I$44,4,TRUE),IF($L23="TER C",VLOOKUP(CH23,TER!$K$5:$N$45,4,TRUE),0))) -> 0 | CJ23: =IF($O23="Ya",CH23*CI23,0) -> 0 | CK23: =CH23+CJ23 -> 0 | CL23: =IF($L23="TER A",VLOOKUP(CH23,TER!$A$5:$D$48,4,TRUE),IF($L23="TER B",VLOOKUP(CH23,TER!$F$5:$I$44,4,TRUE),IF($L23="TER C",VLOOKUP(CH23,TER!$K$5:$N$45,4,TRUE),0))) -> 0 | CM23: =ROUND(CK23*CL23,0) -> 0 | CO23: ='Data Gaji'!LL23 -> 0 | CP23: =IF($L23="TER A",VLOOKUP(CO23,TER!$A$5:$D$48,4,TRUE),IF($L23="TER B",VLOOKUP(CO23,TER!$F$5:$I$44,4,TRUE),IF($L23="TER C",VLOOKUP(CO23,TER!$K$5:$N$45,4,TRUE),0))) -> 0 | CQ23: =IF($O23="Ya",CO23*CP23,0) -> 0 | CR23: =CO23+CQ23 -> 0 | CS23: =IF($L23="TER A",VLOOKUP(CO23,TER!$A$5:$D$48,4,TRUE),IF($L23="TER B",VLOOKUP(CO23,TER!$F$5:$I$44,4,TRUE),IF($L23="TER C",VLOOKUP(CO23,TER!$K$5:$N$45,4,TRUE),0))) -> 0 | CT23: =CR23*CS23 -> 0
A24: =A23+1 -> 18 | K24: ='Data Gaji'!K24 -> 0 | L24: =IF(ISNA(VLOOKUP(K24,'PTKP & TARIF'!$D$4:$E$11,2,0)),"",VLOOKUP(K24,'PTKP & TARIF'!$D$4:$E$11,2,0)) | O24: TIDAK | P24: ='Data Gaji'!AL24 -> 0 | Q24: =IF($L24="TER A",VLOOKUP(P24,TER!$A$5:$D$48,4,TRUE),IF($L24="TER B",VLOOKUP(P24,TER!$F$5:$I$44,4,TRUE),IF($L24="TER C",VLOOKUP(P24,TER!$K$5:$N$45,4,TRUE),0))) -> 0 | R24: =IF($O24="Ya",P24*Q24,0) -> 0 | S24: =P24+R24 -> 0 | T24: =IF($L24="TER A",VLOOKUP(P24,TER!$A$5:$D$48,4,TRUE),IF($L24="TER B",VLOOKUP(P24,TER!$F$5:$I$44,4,TRUE),IF($L24="TER C",VLOOKUP(P24,TER!$K$5:$N$45,4,TRUE),0))) -> 0 | U24: =ROUND(S24*T24,0) -> 0 | W24: ='Data Gaji'!BL24 -> 0 | X24: =IF($L24="TER A",VLOOKUP(W24,TER!$A$5:$D$48,4,TRUE),IF($L24="TER B",VLOOKUP(W24,TER!$F$5:$I$44,4,TRUE),IF($L24="TER C",VLOOKUP(W24,TER!$K$5:$N$45,4,TRUE),0))) -> 0 | Y24: =IF($O24="Ya",W24*X24,0) -> 0 | Z24: =W24+Y24 -> 0 | AA24: =IF($L24="TER A",VLOOKUP(W24,TER!$A$5:$D$48,4,TRUE),IF($L24="TER B",VLOOKUP(W24,TER!$F$5:$I$44,4,TRUE),IF($L24="TER C",VLOOKUP(W24,TER!$K$5:$N$45,4,TRUE),0))) -> 0 | AB24: =ROUND(Z24*AA24,0) -> 0 | AD24: ='Data Gaji'!CL24 -> 0 | AE24: =IF($L24="TER A",VLOOKUP(AD24,TER!$A$5:$D$48,4,TRUE),IF($L24="TER B",VLOOKUP(AD24,TER!$F$5:$I$44,4,TRUE),IF($L24="TER C",VLOOKUP(AD24,TER!$K$5:$N$45,4,TRUE),0))) -> 0 | AF24: =IF($O24="Ya",AD24*AE24,0) -> 0 | AG24: =AD24+AF24 -> 0 | AH24: =IF($L24="TER A",VLOOKUP(AD24,TER!$A$5:$D$48,4,TRUE),IF($L24="TER B",VLOOKUP(AD24,TER!$F$5:$I$44,4,TRUE),IF($L24="TER C",VLOOKUP(AD24,TER!$K$5:$N$45,4,TRUE),0))) -> 0 | AI24: =ROUND(AG24*AH24,0) -> 0 | AK24: ='Data Gaji'!DL24 -> 0 | AL24: =IF($L24="TER A",VLOOKUP(AK24,TER!$A$5:$D$48,4,TRUE),IF($L24="TER B",VLOOKUP(AK24,TER!$F$5:$I$44,4,TRUE),IF($L24="TER C",VLOOKUP(AK24,TER!$K$5:$N$45,4,TRUE),0))) -> 0 | AM24: =IF($O24="Ya",AK24*AL24,0) -> 0 | AN24: =AK24+AM24 -> 0 | AO24: =IF($L24="TER A",VLOOKUP(AK24,TER!$A$5:$D$48,4,TRUE),IF($L24="TER B",VLOOKUP(AK24,TER!$F$5:$I$44,4,TRUE),IF($L24="TER C",VLOOKUP(AK24,TER!$K$5:$N$45,4,TRUE),0))) -> 0 | AP24: =ROUND(AN24*AO24,0) -> 0 | AR24: ='Data Gaji'!EL24 -> 0 | AS24: =IF($L24="TER A",VLOOKUP(AR24,TER!$A$5:$D$48,4,TRUE),IF($L24="TER B",VLOOKUP(AR24,TER!$F$5:$I$44,4,TRUE),IF($L24="TER C",VLOOKUP(AR24,TER!$K$5:$N$45,4,TRUE),0))) -> 0 | AT24: =IF($O24="Ya",AR24*AS24,0) -> 0 | AU24: =AR24+AT24 -> 0 | AV24: =IF($L24="TER A",VLOOKUP(AR24,TER!$A$5:$D$48,4,TRUE),IF($L24="TER B",VLOOKUP(AR24,TER!$F$5:$I$44,4,TRUE),IF($L24="TER C",VLOOKUP(AR24,TER!$K$5:$N$45,4,TRUE),0))) -> 0 | AW24: =ROUND(AU24*AV24,0) -> 0 | AY24: ='Data Gaji'!FL24 -> 0 | AZ24: =IF($L24="TER A",VLOOKUP(AY24,TER!$A$5:$D$48,4,TRUE),IF($L24="TER B",VLOOKUP(AY24,TER!$F$5:$I$44,4,TRUE),IF($L24="TER C",VLOOKUP(AY24,TER!$K$5:$N$45,4,TRUE),0))) -> 0 | BA24: =IF($O24="Ya",AY24*AZ24,0) -> 0 | BB24: =AY24+BA24 -> 0 | BC24: =IF($L24="TER A",VLOOKUP(AY24,TER!$A$5:$D$48,4,TRUE),IF($L24="TER B",VLOOKUP(AY24,TER!$F$5:$I$44,4,TRUE),IF($L24="TER C",VLOOKUP(AY24,TER!$K$5:$N$45,4,TRUE),0))) -> 0 | BD24: =ROUND(BB24*BC24,0) -> 0 | BF24: ='Data Gaji'!GL24 -> 0 | BG24: =IF($L24="TER A",VLOOKUP(BF24,TER!$A$5:$D$48,4,TRUE),IF($L24="TER B",VLOOKUP(BF24,TER!$F$5:$I$44,4,TRUE),IF($L24="TER C",VLOOKUP(BF24,TER!$K$5:$N$45,4,TRUE),0))) -> 0 | BH24: =IF($O24="Ya",BF24*BG24,0) -> 0 | BI24: =BF24+BH24 -> 0 | BJ24: =IF($L24="TER A",VLOOKUP(BF24,TER!$A$5:$D$48,4,TRUE),IF($L24="TER B",VLOOKUP(BF24,TER!$F$5:$I$44,4,TRUE),IF($L24="TER C",VLOOKUP(BF24,TER!$K$5:$N$45,4,TRUE),0))) -> 0 | BK24: =ROUND(BI24*BJ24,0) -> 0 | BM24: ='Data Gaji'!HL24 -> 0 | BN24: =IF($L24="TER A",VLOOKUP(BM24,TER!$A$5:$D$48,4,TRUE),IF($L24="TER B",VLOOKUP(BM24,TER!$F$5:$I$44,4,TRUE),IF($L24="TER C",VLOOKUP(BM24,TER!$K$5:$N$45,4,TRUE),0))) -> 0 | BO24: =IF($O24="Ya",BM24*BN24,0) -> 0 | BP24: =BM24+BO24 -> 0 | BQ24: =IF($L24="TER A",VLOOKUP(BM24,TER!$A$5:$D$48,4,TRUE),IF($L24="TER B",VLOOKUP(BM24,TER!$F$5:$I$44,4,TRUE),IF($L24="TER C",VLOOKUP(BM24,TER!$K$5:$N$45,4,TRUE),0))) -> 0 | BR24: =ROUND(BP24*BQ24,0) -> 0 | BT24: ='Data Gaji'!IL24 -> 0 | BU24: =IF($L24="TER A",VLOOKUP(BT24,TER!$A$5:$D$48,4,TRUE),IF($L24="TER B",VLOOKUP(BT24,TER!$F$5:$I$44,4,TRUE),IF($L24="TER C",VLOOKUP(BT24,TER!$K$5:$N$45,4,TRUE),0))) -> 0 | BV24: =IF($O24="Ya",BT24*BU24,0) -> 0 | BW24: =BT24+BV24 -> 0 | BX24: =IF($L24="TER A",VLOOKUP(BT24,TER!$A$5:$D$48,4,TRUE),IF($L24="TER B",VLOOKUP(BT24,TER!$F$5:$I$44,4,TRUE),IF($L24="TER C",VLOOKUP(BT24,TER!$K$5:$N$45,4,TRUE),0))) -> 0 | BY24: =ROUND(BW24*BX24,0) -> 0 | CA24: ='Data Gaji'!JL24 -> 0 | CB24: =IF($L24="TER A",VLOOKUP(CA24,TER!$A$5:$D$48,4,TRUE),IF($L24="TER B",VLOOKUP(CA24,TER!$F$5:$I$44,4,TRUE),IF($L24="TER C",VLOOKUP(CA24,TER!$K$5:$N$45,4,TRUE),0))) -> 0 | CC24: =IF($O24="Ya",CA24*CB24,0) -> 0 | CD24: =CA24+CC24 -> 0 | CE24: =IF($L24="TER A",VLOOKUP(CA24,TER!$A$5:$D$48,4,TRUE),IF($L24="TER B",VLOOKUP(CA24,TER!$F$5:$I$44,4,TRUE),IF($L24="TER C",VLOOKUP(CA24,TER!$K$5:$N$45,4,TRUE),0))) -> 0 | CF24: =ROUND(CD24*CE24,0) -> 0 | CH24: ='Data Gaji'!KL24 -> 0 | CI24: =IF($L24="TER A",VLOOKUP(CH24,TER!$A$5:$D$48,4,TRUE),IF($L24="TER B",VLOOKUP(CH24,TER!$F$5:$I$44,4,TRUE),IF($L24="TER C",VLOOKUP(CH24,TER!$K$5:$N$45,4,TRUE),0))) -> 0 | CJ24: =IF($O24="Ya",CH24*CI24,0) -> 0 | CK24: =CH24+CJ24 -> 0 | CL24: =IF($L24="TER A",VLOOKUP(CH24,TER!$A$5:$D$48,4,TRUE),IF($L24="TER B",VLOOKUP(CH24,TER!$F$5:$I$44,4,TRUE),IF($L24="TER C",VLOOKUP(CH24,TER!$K$5:$N$45,4,TRUE),0))) -> 0 | CM24: =ROUND(CK24*CL24,0) -> 0 | CO24: ='Data Gaji'!LL24 -> 0 | CP24: =IF($L24="TER A",VLOOKUP(CO24,TER!$A$5:$D$48,4,TRUE),IF($L24="TER B",VLOOKUP(CO24,TER!$F$5:$I$44,4,TRUE),IF($L24="TER C",VLOOKUP(CO24,TER!$K$5:$N$45,4,TRUE),0))) -> 0 | CQ24: =IF($O24="Ya",CO24*CP24,0) -> 0 | CR24: =CO24+CQ24 -> 0 | CS24: =IF($L24="TER A",VLOOKUP(CO24,TER!$A$5:$D$48,4,TRUE),IF($L24="TER B",VLOOKUP(CO24,TER!$F$5:$I$44,4,TRUE),IF($L24="TER C",VLOOKUP(CO24,TER!$K$5:$N$45,4,TRUE),0))) -> 0 | CT24: =CR24*CS24 -> 0
A25: =A24+1 -> 19 | K25: ='Data Gaji'!K25 -> 0 | L25: =IF(ISNA(VLOOKUP(K25,'PTKP & TARIF'!$D$4:$E$11,2,0)),"",VLOOKUP(K25,'PTKP & TARIF'!$D$4:$E$11,2,0)) | O25: TIDAK | P25: ='Data Gaji'!AL25 -> 0 | Q25: =IF($L25="TER A",VLOOKUP(P25,TER!$A$5:$D$48,4,TRUE),IF($L25="TER B",VLOOKUP(P25,TER!$F$5:$I$44,4,TRUE),IF($L25="TER C",VLOOKUP(P25,TER!$K$5:$N$45,4,TRUE),0))) -> 0 | R25: =IF($O25="Ya",P25*Q25,0) -> 0 | S25: =P25+R25 -> 0 | T25: =IF($L25="TER A",VLOOKUP(P25,TER!$A$5:$D$48,4,TRUE),IF($L25="TER B",VLOOKUP(P25,TER!$F$5:$I$44,4,TRUE),IF($L25="TER C",VLOOKUP(P25,TER!$K$5:$N$45,4,TRUE),0))) -> 0 | U25: =ROUND(S25*T25,0) -> 0 | W25: ='Data Gaji'!BL25 -> 0 | X25: =IF($L25="TER A",VLOOKUP(W25,TER!$A$5:$D$48,4,TRUE),IF($L25="TER B",VLOOKUP(W25,TER!$F$5:$I$44,4,TRUE),IF($L25="TER C",VLOOKUP(W25,TER!$K$5:$N$45,4,TRUE),0))) -> 0 | Y25: =IF($O25="Ya",W25*X25,0) -> 0 | Z25: =W25+Y25 -> 0 | AA25: =IF($L25="TER A",VLOOKUP(W25,TER!$A$5:$D$48,4,TRUE),IF($L25="TER B",VLOOKUP(W25,TER!$F$5:$I$44,4,TRUE),IF($L25="TER C",VLOOKUP(W25,TER!$K$5:$N$45,4,TRUE),0))) -> 0 | AB25: =ROUND(Z25*AA25,0) -> 0 | AD25: ='Data Gaji'!CL25 -> 0 | AE25: =IF($L25="TER A",VLOOKUP(AD25,TER!$A$5:$D$48,4,TRUE),IF($L25="TER B",VLOOKUP(AD25,TER!$F$5:$I$44,4,TRUE),IF($L25="TER C",VLOOKUP(AD25,TER!$K$5:$N$45,4,TRUE),0))) -> 0 | AF25: =IF($O25="Ya",AD25*AE25,0) -> 0 | AG25: =AD25+AF25 -> 0 | AH25: =IF($L25="TER A",VLOOKUP(AD25,TER!$A$5:$D$48,4,TRUE),IF($L25="TER B",VLOOKUP(AD25,TER!$F$5:$I$44,4,TRUE),IF($L25="TER C",VLOOKUP(AD25,TER!$K$5:$N$45,4,TRUE),0))) -> 0 | AI25: =ROUND(AG25*AH25,0) -> 0 | AK25: ='Data Gaji'!DL25 -> 0 | AL25: =IF($L25="TER A",VLOOKUP(AK25,TER!$A$5:$D$48,4,TRUE),IF($L25="TER B",VLOOKUP(AK25,TER!$F$5:$I$44,4,TRUE),IF($L25="TER C",VLOOKUP(AK25,TER!$K$5:$N$45,4,TRUE),0))) -> 0 | AM25: =IF($O25="Ya",AK25*AL25,0) -> 0 | AN25: =AK25+AM25 -> 0 | AO25: =IF($L25="TER A",VLOOKUP(AK25,TER!$A$5:$D$48,4,TRUE),IF($L25="TER B",VLOOKUP(AK25,TER!$F$5:$I$44,4,TRUE),IF($L25="TER C",VLOOKUP(AK25,TER!$K$5:$N$45,4,TRUE),0))) -> 0 | AP25: =ROUND(AN25*AO25,0) -> 0 | AR25: ='Data Gaji'!EL25 -> 0 | AS25: =IF($L25="TER A",VLOOKUP(AR25,TER!$A$5:$D$48,4,TRUE),IF($L25="TER B",VLOOKUP(AR25,TER!$F$5:$I$44,4,TRUE),IF($L25="TER C",VLOOKUP(AR25,TER!$K$5:$N$45,4,TRUE),0))) -> 0 | AT25: =IF($O25="Ya",AR25*AS25,0) -> 0 | AU25: =AR25+AT25 -> 0 | AV25: =IF($L25="TER A",VLOOKUP(AR25,TER!$A$5:$D$48,4,TRUE),IF($L25="TER B",VLOOKUP(AR25,TER!$F$5:$I$44,4,TRUE),IF($L25="TER C",VLOOKUP(AR25,TER!$K$5:$N$45,4,TRUE),0))) -> 0 | AW25: =ROUND(AU25*AV25,0) -> 0 | AY25: ='Data Gaji'!FL25 -> 0 | AZ25: =IF($L25="TER A",VLOOKUP(AY25,TER!$A$5:$D$48,4,TRUE),IF($L25="TER B",VLOOKUP(AY25,TER!$F$5:$I$44,4,TRUE),IF($L25="TER C",VLOOKUP(AY25,TER!$K$5:$N$45,4,TRUE),0))) -> 0 | BA25: =IF($O25="Ya",AY25*AZ25,0) -> 0 | BB25: =AY25+BA25 -> 0 | BC25: =IF($L25="TER A",VLOOKUP(AY25,TER!$A$5:$D$48,4,TRUE),IF($L25="TER B",VLOOKUP(AY25,TER!$F$5:$I$44,4,TRUE),IF($L25="TER C",VLOOKUP(AY25,TER!$K$5:$N$45,4,TRUE),0))) -> 0 | BD25: =ROUND(BB25*BC25,0) -> 0 | BF25: ='Data Gaji'!GL25 -> 0 | BG25: =IF($L25="TER A",VLOOKUP(BF25,TER!$A$5:$D$48,4,TRUE),IF($L25="TER B",VLOOKUP(BF25,TER!$F$5:$I$44,4,TRUE),IF($L25="TER C",VLOOKUP(BF25,TER!$K$5:$N$45,4,TRUE),0))) -> 0 | BH25: =IF($O25="Ya",BF25*BG25,0) -> 0 | BI25: =BF25+BH25 -> 0 | BJ25: =IF($L25="TER A",VLOOKUP(BF25,TER!$A$5:$D$48,4,TRUE),IF($L25="TER B",VLOOKUP(BF25,TER!$F$5:$I$44,4,TRUE),IF($L25="TER C",VLOOKUP(BF25,TER!$K$5:$N$45,4,TRUE),0))) -> 0 | BK25: =ROUND(BI25*BJ25,0) -> 0 | BM25: ='Data Gaji'!HL25 -> 0 | BN25: =IF($L25="TER A",VLOOKUP(BM25,TER!$A$5:$D$48,4,TRUE),IF($L25="TER B",VLOOKUP(BM25,TER!$F$5:$I$44,4,TRUE),IF($L25="TER C",VLOOKUP(BM25,TER!$K$5:$N$45,4,TRUE),0))) -> 0 | BO25: =IF($O25="Ya",BM25*BN25,0) -> 0 | BP25: =BM25+BO25 -> 0 | BQ25: =IF($L25="TER A",VLOOKUP(BM25,TER!$A$5:$D$48,4,TRUE),IF($L25="TER B",VLOOKUP(BM25,TER!$F$5:$I$44,4,TRUE),IF($L25="TER C",VLOOKUP(BM25,TER!$K$5:$N$45,4,TRUE),0))) -> 0 | BR25: =ROUND(BP25*BQ25,0) -> 0 | BT25: ='Data Gaji'!IL25 -> 0 | BU25: =IF($L25="TER A",VLOOKUP(BT25,TER!$A$5:$D$48,4,TRUE),IF($L25="TER B",VLOOKUP(BT25,TER!$F$5:$I$44,4,TRUE),IF($L25="TER C",VLOOKUP(BT25,TER!$K$5:$N$45,4,TRUE),0))) -> 0 | BV25: =IF($O25="Ya",BT25*BU25,0) -> 0 | BW25: =BT25+BV25 -> 0 | BX25: =IF($L25="TER A",VLOOKUP(BT25,TER!$A$5:$D$48,4,TRUE),IF($L25="TER B",VLOOKUP(BT25,TER!$F$5:$I$44,4,TRUE),IF($L25="TER C",VLOOKUP(BT25,TER!$K$5:$N$45,4,TRUE),0))) -> 0 | BY25: =ROUND(BW25*BX25,0) -> 0 | CA25: ='Data Gaji'!JL25 -> 0 | CB25: =IF($L25="TER A",VLOOKUP(CA25,TER!$A$5:$D$48,4,TRUE),IF($L25="TER B",VLOOKUP(CA25,TER!$F$5:$I$44,4,TRUE),IF($L25="TER C",VLOOKUP(CA25,TER!$K$5:$N$45,4,TRUE),0))) -> 0 | CC25: =IF($O25="Ya",CA25*CB25,0) -> 0 | CD25: =CA25+CC25 -> 0 | CE25: =IF($L25="TER A",VLOOKUP(CA25,TER!$A$5:$D$48,4,TRUE),IF($L25="TER B",VLOOKUP(CA25,TER!$F$5:$I$44,4,TRUE),IF($L25="TER C",VLOOKUP(CA25,TER!$K$5:$N$45,4,TRUE),0))) -> 0 | CF25: =ROUND(CD25*CE25,0) -> 0 | CH25: ='Data Gaji'!KL25 -> 0 | CI25: =IF($L25="TER A",VLOOKUP(CH25,TER!$A$5:$D$48,4,TRUE),IF($L25="TER B",VLOOKUP(CH25,TER!$F$5:$I$44,4,TRUE),IF($L25="TER C",VLOOKUP(CH25,TER!$K$5:$N$45,4,TRUE),0))) -> 0 | CJ25: =IF($O25="Ya",CH25*CI25,0) -> 0 | CK25: =CH25+CJ25 -> 0 | CL25: =IF($L25="TER A",VLOOKUP(CH25,TER!$A$5:$D$48,4,TRUE),IF($L25="TER B",VLOOKUP(CH25,TER!$F$5:$I$44,4,TRUE),IF($L25="TER C",VLOOKUP(CH25,TER!$K$5:$N$45,4,TRUE),0))) -> 0 | CM25: =ROUND(CK25*CL25,0) -> 0 | CO25: ='Data Gaji'!LL19 -> 0 | CP25: =IF($L25="TER A",VLOOKUP(CO25,TER!$A$5:$D$48,4,TRUE),IF($L25="TER B",VLOOKUP(CO25,TER!$F$5:$I$44,4,TRUE),IF($L25="TER C",VLOOKUP(CO25,TER!$K$5:$N$45,4,TRUE),0))) -> 0 | CQ25: =IF($O25="Ya",CO25*CP25,0) -> 0 | CR25: =CO25+CQ25 -> 0 | CS25: =IF($L25="TER A",VLOOKUP(CO25,TER!$A$5:$D$48,4,TRUE),IF($L25="TER B",VLOOKUP(CO25,TER!$F$5:$I$44,4,TRUE),IF($L25="TER C",VLOOKUP(CO25,TER!$K$5:$N$45,4,TRUE),0))) -> 0 | CT25: =CR25*CS25 -> 0
A26: =A25+1 -> 20 | K26: ='Data Gaji'!K26 -> 0 | L26: =IF(ISNA(VLOOKUP(K26,'PTKP & TARIF'!$D$4:$E$11,2,0)),"",VLOOKUP(K26,'PTKP & TARIF'!$D$4:$E$11,2,0)) | O26: TIDAK | P26: ='Data Gaji'!AL26 -> 0 | Q26: =IF($L26="TER A",VLOOKUP(P26,TER!$A$5:$D$48,4,TRUE),IF($L26="TER B",VLOOKUP(P26,TER!$F$5:$I$44,4,TRUE),IF($L26="TER C",VLOOKUP(P26,TER!$K$5:$N$45,4,TRUE),0))) -> 0 | R26: =IF($O26="Ya",P26*Q26,0) -> 0 | S26: =P26+R26 -> 0 | T26: =IF($L26="TER A",VLOOKUP(P26,TER!$A$5:$D$48,4,TRUE),IF($L26="TER B",VLOOKUP(P26,TER!$F$5:$I$44,4,TRUE),IF($L26="TER C",VLOOKUP(P26,TER!$K$5:$N$45,4,TRUE),0))) -> 0 | U26: =ROUND(S26*T26,0) -> 0 | W26: ='Data Gaji'!BL26 -> 0 | X26: =IF($L26="TER A",VLOOKUP(W26,TER!$A$5:$D$48,4,TRUE),IF($L26="TER B",VLOOKUP(W26,TER!$F$5:$I$44,4,TRUE),IF($L26="TER C",VLOOKUP(W26,TER!$K$5:$N$45,4,TRUE),0))) -> 0 | Y26: =IF($O26="Ya",W26*X26,0) -> 0 | Z26: =W26+Y26 -> 0 | AA26: =IF($L26="TER A",VLOOKUP(W26,TER!$A$5:$D$48,4,TRUE),IF($L26="TER B",VLOOKUP(W26,TER!$F$5:$I$44,4,TRUE),IF($L26="TER C",VLOOKUP(W26,TER!$K$5:$N$45,4,TRUE),0))) -> 0 | AB26: =ROUND(Z26*AA26,0) -> 0 | AD26: ='Data Gaji'!CL26 -> 0 | AE26: =IF($L26="TER A",VLOOKUP(AD26,TER!$A$5:$D$48,4,TRUE),IF($L26="TER B",VLOOKUP(AD26,TER!$F$5:$I$44,4,TRUE),IF($L26="TER C",VLOOKUP(AD26,TER!$K$5:$N$45,4,TRUE),0))) -> 0 | AF26: =IF($O26="Ya",AD26*AE26,0) -> 0 | AG26: =AD26+AF26 -> 0 | AH26: =IF($L26="TER A",VLOOKUP(AD26,TER!$A$5:$D$48,4,TRUE),IF($L26="TER B",VLOOKUP(AD26,TER!$F$5:$I$44,4,TRUE),IF($L26="TER C",VLOOKUP(AD26,TER!$K$5:$N$45,4,TRUE),0))) -> 0 | AI26: =ROUND(AG26*AH26,0) -> 0 | AK26: ='Data Gaji'!DL26 -> 0 | AL26: =IF($L26="TER A",VLOOKUP(AK26,TER!$A$5:$D$48,4,TRUE),IF($L26="TER B",VLOOKUP(AK26,TER!$F$5:$I$44,4,TRUE),IF($L26="TER C",VLOOKUP(AK26,TER!$K$5:$N$45,4,TRUE),0))) -> 0 | AM26: =IF($O26="Ya",AK26*AL26,0) -> 0 | AN26: =AK26+AM26 -> 0 | AO26: =IF($L26="TER A",VLOOKUP(AK26,TER!$A$5:$D$48,4,TRUE),IF($L26="TER B",VLOOKUP(AK26,TER!$F$5:$I$44,4,TRUE),IF($L26="TER C",VLOOKUP(AK26,TER!$K$5:$N$45,4,TRUE),0))) -> 0 | AP26: =ROUND(AN26*AO26,0) -> 0 | AR26: ='Data Gaji'!EL26 -> 0 | AS26: =IF($L26="TER A",VLOOKUP(AR26,TER!$A$5:$D$48,4,TRUE),IF($L26="TER B",VLOOKUP(AR26,TER!$F$5:$I$44,4,TRUE),IF($L26="TER C",VLOOKUP(AR26,TER!$K$5:$N$45,4,TRUE),0))) -> 0 | AT26: =IF($O26="Ya",AR26*AS26,0) -> 0 | AU26: =AR26+AT26 -> 0 | AV26: =IF($L26="TER A",VLOOKUP(AR26,TER!$A$5:$D$48,4,TRUE),IF($L26="TER B",VLOOKUP(AR26,TER!$F$5:$I$44,4,TRUE),IF($L26="TER C",VLOOKUP(AR26,TER!$K$5:$N$45,4,TRUE),0))) -> 0 | AW26: =ROUND(AU26*AV26,0) -> 0 | AY26: ='Data Gaji'!FL26 -> 0 | AZ26: =IF($L26="TER A",VLOOKUP(AY26,TER!$A$5:$D$48,4,TRUE),IF($L26="TER B",VLOOKUP(AY26,TER!$F$5:$I$44,4,TRUE),IF($L26="TER C",VLOOKUP(AY26,TER!$K$5:$N$45,4,TRUE),0))) -> 0 | BA26: =IF($O26="Ya",AY26*AZ26,0) -> 0 | BB26: =AY26+BA26 -> 0 | BC26: =IF($L26="TER A",VLOOKUP(AY26,TER!$A$5:$D$48,4,TRUE),IF($L26="TER B",VLOOKUP(AY26,TER!$F$5:$I$44,4,TRUE),IF($L26="TER C",VLOOKUP(AY26,TER!$K$5:$N$45,4,TRUE),0))) -> 0 | BD26: =ROUND(BB26*BC26,0) -> 0 | BF26: ='Data Gaji'!GL26 -> 0 | BG26: =IF($L26="TER A",VLOOKUP(BF26,TER!$A$5:$D$48,4,TRUE),IF($L26="TER B",VLOOKUP(BF26,TER!$F$5:$I$44,4,TRUE),IF($L26="TER C",VLOOKUP(BF26,TER!$K$5:$N$45,4,TRUE),0))) -> 0 | BH26: =IF($O26="Ya",BF26*BG26,0) -> 0 | BI26: =BF26+BH26 -> 0 | BJ26: =IF($L26="TER A",VLOOKUP(BF26,TER!$A$5:$D$48,4,TRUE),IF($L26="TER B",VLOOKUP(BF26,TER!$F$5:$I$44,4,TRUE),IF($L26="TER C",VLOOKUP(BF26,TER!$K$5:$N$45,4,TRUE),0))) -> 0 | BK26: =ROUND(BI26*BJ26,0) -> 0 | BM26: ='Data Gaji'!HL26 -> 0 | BN26: =IF($L26="TER A",VLOOKUP(BM26,TER!$A$5:$D$48,4,TRUE),IF($L26="TER B",VLOOKUP(BM26,TER!$F$5:$I$44,4,TRUE),IF($L26="TER C",VLOOKUP(BM26,TER!$K$5:$N$45,4,TRUE),0))) -> 0 | BO26: =IF($O26="Ya",BM26*BN26,0) -> 0 | BP26: =BM26+BO26 -> 0 | BQ26: =IF($L26="TER A",VLOOKUP(BM26,TER!$A$5:$D$48,4,TRUE),IF($L26="TER B",VLOOKUP(BM26,TER!$F$5:$I$44,4,TRUE),IF($L26="TER C",VLOOKUP(BM26,TER!$K$5:$N$45,4,TRUE),0))) -> 0 | BR26: =ROUND(BP26*BQ26,0) -> 0 | BT26: ='Data Gaji'!IL26 -> 0 | BU26: =IF($L26="TER A",VLOOKUP(BT26,TER!$A$5:$D$48,4,TRUE),IF($L26="TER B",VLOOKUP(BT26,TER!$F$5:$I$44,4,TRUE),IF($L26="TER C",VLOOKUP(BT26,TER!$K$5:$N$45,4,TRUE),0))) -> 0 | BV26: =IF($O26="Ya",BT26*BU26,0) -> 0 | BW26: =BT26+BV26 -> 0 | BX26: =IF($L26="TER A",VLOOKUP(BT26,TER!$A$5:$D$48,4,TRUE),IF($L26="TER B",VLOOKUP(BT26,TER!$F$5:$I$44,4,TRUE),IF($L26="TER C",VLOOKUP(BT26,TER!$K$5:$N$45,4,TRUE),0))) -> 0 | BY26: =ROUND(BW26*BX26,0) -> 0 | CA26: ='Data Gaji'!JL26 -> 0 | CB26: =IF($L26="TER A",VLOOKUP(CA26,TER!$A$5:$D$48,4,TRUE),IF($L26="TER B",VLOOKUP(CA26,TER!$F$5:$I$44,4,TRUE),IF($L26="TER C",VLOOKUP(CA26,TER!$K$5:$N$45,4,TRUE),0))) -> 0 | CC26: =IF($O26="Ya",CA26*CB26,0) -> 0 | CD26: =CA26+CC26 -> 0 | CE26: =IF($L26="TER A",VLOOKUP(CA26,TER!$A$5:$D$48,4,TRUE),IF($L26="TER B",VLOOKUP(CA26,TER!$F$5:$I$44,4,TRUE),IF($L26="TER C",VLOOKUP(CA26,TER!$K$5:$N$45,4,TRUE),0))) -> 0 | CF26: =ROUND(CD26*CE26,0) -> 0 | CH26: ='Data Gaji'!KL26 -> 0 | CI26: =IF($L26="TER A",VLOOKUP(CH26,TER!$A$5:$D$48,4,TRUE),IF($L26="TER B",VLOOKUP(CH26,TER!$F$5:$I$44,4,TRUE),IF($L26="TER C",VLOOKUP(CH26,TER!$K$5:$N$45,4,TRUE),0))) -> 0 | CJ26: =IF($O26="Ya",CH26*CI26,0) -> 0 | CK26: =CH26+CJ26 -> 0 | CL26: =IF($L26="TER A",VLOOKUP(CH26,TER!$A$5:$D$48,4,TRUE),IF($L26="TER B",VLOOKUP(CH26,TER!$F$5:$I$44,4,TRUE),IF($L26="TER C",VLOOKUP(CH26,TER!$K$5:$N$45,4,TRUE),0))) -> 0 | CM26: =ROUND(CK26*CL26,0) -> 0 | CO26: ='Data Gaji'!LL20 -> 0 | CP26: =IF($L26="TER A",VLOOKUP(CO26,TER!$A$5:$D$48,4,TRUE),IF($L26="TER B",VLOOKUP(CO26,TER!$F$5:$I$44,4,TRUE),IF($L26="TER C",VLOOKUP(CO26,TER!$K$5:$N$45,4,TRUE),0))) -> 0 | CQ26: =IF($O26="Ya",CO26*CP26,0) -> 0 | CR26: =CO26+CQ26 -> 0 | CS26: =IF($L26="TER A",VLOOKUP(CO26,TER!$A$5:$D$48,4,TRUE),IF($L26="TER B",VLOOKUP(CO26,TER!$F$5:$I$44,4,TRUE),IF($L26="TER C",VLOOKUP(CO26,TER!$K$5:$N$45,4,TRUE),0))) -> 0 | CT26: =CR26*CS26 -> 0
A27: =A26+1 -> 21 | K27: ='Data Gaji'!K27 -> 0 | L27: =IF(ISNA(VLOOKUP(K27,'PTKP & TARIF'!$D$4:$E$11,2,0)),"",VLOOKUP(K27,'PTKP & TARIF'!$D$4:$E$11,2,0)) | O27: TIDAK | P27: ='Data Gaji'!AL27 -> 0 | Q27: =IF($L27="TER A",VLOOKUP(P27,TER!$A$5:$D$48,4,TRUE),IF($L27="TER B",VLOOKUP(P27,TER!$F$5:$I$44,4,TRUE),IF($L27="TER C",VLOOKUP(P27,TER!$K$5:$N$45,4,TRUE),0))) -> 0 | R27: =IF($O27="Ya",P27*Q27,0) -> 0 | S27: =P27+R27 -> 0 | T27: =IF($L27="TER A",VLOOKUP(P27,TER!$A$5:$D$48,4,TRUE),IF($L27="TER B",VLOOKUP(P27,TER!$F$5:$I$44,4,TRUE),IF($L27="TER C",VLOOKUP(P27,TER!$K$5:$N$45,4,TRUE),0))) -> 0 | U27: =ROUND(S27*T27,0) -> 0 | W27: ='Data Gaji'!BL27 -> 0 | X27: =IF($L27="TER A",VLOOKUP(W27,TER!$A$5:$D$48,4,TRUE),IF($L27="TER B",VLOOKUP(W27,TER!$F$5:$I$44,4,TRUE),IF($L27="TER C",VLOOKUP(W27,TER!$K$5:$N$45,4,TRUE),0))) -> 0 | Y27: =IF($O27="Ya",W27*X27,0) -> 0 | Z27: =W27+Y27 -> 0 | AA27: =IF($L27="TER A",VLOOKUP(W27,TER!$A$5:$D$48,4,TRUE),IF($L27="TER B",VLOOKUP(W27,TER!$F$5:$I$44,4,TRUE),IF($L27="TER C",VLOOKUP(W27,TER!$K$5:$N$45,4,TRUE),0))) -> 0 | AB27: =ROUND(Z27*AA27,0) -> 0 | AD27: ='Data Gaji'!CL27 -> 0 | AE27: =IF($L27="TER A",VLOOKUP(AD27,TER!$A$5:$D$48,4,TRUE),IF($L27="TER B",VLOOKUP(AD27,TER!$F$5:$I$44,4,TRUE),IF($L27="TER C",VLOOKUP(AD27,TER!$K$5:$N$45,4,TRUE),0))) -> 0 | AF27: =IF($O27="Ya",AD27*AE27,0) -> 0 | AG27: =AD27+AF27 -> 0 | AH27: =IF($L27="TER A",VLOOKUP(AD27,TER!$A$5:$D$48,4,TRUE),IF($L27="TER B",VLOOKUP(AD27,TER!$F$5:$I$44,4,TRUE),IF($L27="TER C",VLOOKUP(AD27,TER!$K$5:$N$45,4,TRUE),0))) -> 0 | AI27: =ROUND(AG27*AH27,0) -> 0 | AK27: ='Data Gaji'!DL27 -> 0 | AL27: =IF($L27="TER A",VLOOKUP(AK27,TER!$A$5:$D$48,4,TRUE),IF($L27="TER B",VLOOKUP(AK27,TER!$F$5:$I$44,4,TRUE),IF($L27="TER C",VLOOKUP(AK27,TER!$K$5:$N$45,4,TRUE),0))) -> 0 | AM27: =IF($O27="Ya",AK27*AL27,0) -> 0 | AN27: =AK27+AM27 -> 0 | AO27: =IF($L27="TER A",VLOOKUP(AK27,TER!$A$5:$D$48,4,TRUE),IF($L27="TER B",VLOOKUP(AK27,TER!$F$5:$I$44,4,TRUE),IF($L27="TER C",VLOOKUP(AK27,TER!$K$5:$N$45,4,TRUE),0))) -> 0 | AP27: =ROUND(AN27*AO27,0) -> 0 | AR27: ='Data Gaji'!EL27 -> 0 | AS27: =IF($L27="TER A",VLOOKUP(AR27,TER!$A$5:$D$48,4,TRUE),IF($L27="TER B",VLOOKUP(AR27,TER!$F$5:$I$44,4,TRUE),IF($L27="TER C",VLOOKUP(AR27,TER!$K$5:$N$45,4,TRUE),0))) -> 0 | AT27: =IF($O27="Ya",AR27*AS27,0) -> 0 | AU27: =AR27+AT27 -> 0 | AV27: =IF($L27="TER A",VLOOKUP(AR27,TER!$A$5:$D$48,4,TRUE),IF($L27="TER B",VLOOKUP(AR27,TER!$F$5:$I$44,4,TRUE),IF($L27="TER C",VLOOKUP(AR27,TER!$K$5:$N$45,4,TRUE),0))) -> 0 | AW27: =ROUND(AU27*AV27,0) -> 0 | AY27: ='Data Gaji'!FL27 -> 0 | AZ27: =IF($L27="TER A",VLOOKUP(AY27,TER!$A$5:$D$48,4,TRUE),IF($L27="TER B",VLOOKUP(AY27,TER!$F$5:$I$44,4,TRUE),IF($L27="TER C",VLOOKUP(AY27,TER!$K$5:$N$45,4,TRUE),0))) -> 0 | BA27: =IF($O27="Ya",AY27*AZ27,0) -> 0 | BB27: =AY27+BA27 -> 0 | BC27: =IF($L27="TER A",VLOOKUP(AY27,TER!$A$5:$D$48,4,TRUE),IF($L27="TER B",VLOOKUP(AY27,TER!$F$5:$I$44,4,TRUE),IF($L27="TER C",VLOOKUP(AY27,TER!$K$5:$N$45,4,TRUE),0))) -> 0 | BD27: =ROUND(BB27*BC27,0) -> 0 | BF27: ='Data Gaji'!GL27 -> 0 | BG27: =IF($L27="TER A",VLOOKUP(BF27,TER!$A$5:$D$48,4,TRUE),IF($L27="TER B",VLOOKUP(BF27,TER!$F$5:$I$44,4,TRUE),IF($L27="TER C",VLOOKUP(BF27,TER!$K$5:$N$45,4,TRUE),0))) -> 0 | BH27: =IF($O27="Ya",BF27*BG27,0) -> 0 | BI27: =BF27+BH27 -> 0 | BJ27: =IF($L27="TER A",VLOOKUP(BF27,TER!$A$5:$D$48,4,TRUE),IF($L27="TER B",VLOOKUP(BF27,TER!$F$5:$I$44,4,TRUE),IF($L27="TER C",VLOOKUP(BF27,TER!$K$5:$N$45,4,TRUE),0))) -> 0 | BK27: =ROUND(BI27*BJ27,0) -> 0 | BM27: ='Data Gaji'!HL27 -> 0 | BN27: =IF($L27="TER A",VLOOKUP(BM27,TER!$A$5:$D$48,4,TRUE),IF($L27="TER B",VLOOKUP(BM27,TER!$F$5:$I$44,4,TRUE),IF($L27="TER C",VLOOKUP(BM27,TER!$K$5:$N$45,4,TRUE),0))) -> 0 | BO27: =IF($O27="Ya",BM27*BN27,0) -> 0 | BP27: =BM27+BO27 -> 0 | BQ27: =IF($L27="TER A",VLOOKUP(BM27,TER!$A$5:$D$48,4,TRUE),IF($L27="TER B",VLOOKUP(BM27,TER!$F$5:$I$44,4,TRUE),IF($L27="TER C",VLOOKUP(BM27,TER!$K$5:$N$45,4,TRUE),0))) -> 0 | BR27: =ROUND(BP27*BQ27,0) -> 0 | BT27: ='Data Gaji'!IL27 -> 0 | BU27: =IF($L27="TER A",VLOOKUP(BT27,TER!$A$5:$D$48,4,TRUE),IF($L27="TER B",VLOOKUP(BT27,TER!$F$5:$I$44,4,TRUE),IF($L27="TER C",VLOOKUP(BT27,TER!$K$5:$N$45,4,TRUE),0))) -> 0 | BV27: =IF($O27="Ya",BT27*BU27,0) -> 0 | BW27: =BT27+BV27 -> 0 | BX27: =IF($L27="TER A",VLOOKUP(BT27,TER!$A$5:$D$48,4,TRUE),IF($L27="TER B",VLOOKUP(BT27,TER!$F$5:$I$44,4,TRUE),IF($L27="TER C",VLOOKUP(BT27,TER!$K$5:$N$45,4,TRUE),0))) -> 0 | BY27: =ROUND(BW27*BX27,0) -> 0 | CA27: ='Data Gaji'!JL27 -> 0 | CB27: =IF($L27="TER A",VLOOKUP(CA27,TER!$A$5:$D$48,4,TRUE),IF($L27="TER B",VLOOKUP(CA27,TER!$F$5:$I$44,4,TRUE),IF($L27="TER C",VLOOKUP(CA27,TER!$K$5:$N$45,4,TRUE),0))) -> 0 | CC27: =IF($O27="Ya",CA27*CB27,0) -> 0 | CD27: =CA27+CC27 -> 0 | CE27: =IF($L27="TER A",VLOOKUP(CA27,TER!$A$5:$D$48,4,TRUE),IF($L27="TER B",VLOOKUP(CA27,TER!$F$5:$I$44,4,TRUE),IF($L27="TER C",VLOOKUP(CA27,TER!$K$5:$N$45,4,TRUE),0))) -> 0 | CF27: =ROUND(CD27*CE27,0) -> 0 | CH27: ='Data Gaji'!KL27 -> 0 | CI27: =IF($L27="TER A",VLOOKUP(CH27,TER!$A$5:$D$48,4,TRUE),IF($L27="TER B",VLOOKUP(CH27,TER!$F$5:$I$44,4,TRUE),IF($L27="TER C",VLOOKUP(CH27,TER!$K$5:$N$45,4,TRUE),0))) -> 0 | CJ27: =IF($O27="Ya",CH27*CI27,0) -> 0 | CK27: =CH27+CJ27 -> 0 | CL27: =IF($L27="TER A",VLOOKUP(CH27,TER!$A$5:$D$48,4,TRUE),IF($L27="TER B",VLOOKUP(CH27,TER!$F$5:$I$44,4,TRUE),IF($L27="TER C",VLOOKUP(CH27,TER!$K$5:$N$45,4,TRUE),0))) -> 0 | CM27: =ROUND(CK27*CL27,0) -> 0 | CO27: ='Data Gaji'!LL21 -> 0 | CP27: =IF($L27="TER A",VLOOKUP(CO27,TER!$A$5:$D$48,4,TRUE),IF($L27="TER B",VLOOKUP(CO27,TER!$F$5:$I$44,4,TRUE),IF($L27="TER C",VLOOKUP(CO27,TER!$K$5:$N$45,4,TRUE),0))) -> 0 | CQ27: =IF($O27="Ya",CO27*CP27,0) -> 0 | CR27: =CO27+CQ27 -> 0 | CS27: =IF($L27="TER A",VLOOKUP(CO27,TER!$A$5:$D$48,4,TRUE),IF($L27="TER B",VLOOKUP(CO27,TER!$F$5:$I$44,4,TRUE),IF($L27="TER C",VLOOKUP(CO27,TER!$K$5:$N$45,4,TRUE),0))) -> 0 | CT27: =CR27*CS27 -> 0
A28: =A27+1 -> 22 | K28: ='Data Gaji'!K28 -> 0 | L28: =IF(ISNA(VLOOKUP(K28,'PTKP & TARIF'!$D$4:$E$11,2,0)),"",VLOOKUP(K28,'PTKP & TARIF'!$D$4:$E$11,2,0)) | O28: TIDAK | P28: ='Data Gaji'!AL28 -> 0 | Q28: =IF($L28="TER A",VLOOKUP(P28,TER!$A$5:$D$48,4,TRUE),IF($L28="TER B",VLOOKUP(P28,TER!$F$5:$I$44,4,TRUE),IF($L28="TER C",VLOOKUP(P28,TER!$K$5:$N$45,4,TRUE),0))) -> 0 | R28: =IF($O28="Ya",P28*Q28,0) -> 0 | S28: =P28+R28 -> 0 | T28: =IF($L28="TER A",VLOOKUP(P28,TER!$A$5:$D$48,4,TRUE),IF($L28="TER B",VLOOKUP(P28,TER!$F$5:$I$44,4,TRUE),IF($L28="TER C",VLOOKUP(P28,TER!$K$5:$N$45,4,TRUE),0))) -> 0 | U28: =ROUND(S28*T28,0) -> 0 | W28: ='Data Gaji'!BL28 -> 0 | X28: =IF($L28="TER A",VLOOKUP(W28,TER!$A$5:$D$48,4,TRUE),IF($L28="TER B",VLOOKUP(W28,TER!$F$5:$I$44,4,TRUE),IF($L28="TER C",VLOOKUP(W28,TER!$K$5:$N$45,4,TRUE),0))) -> 0 | Y28: =IF($O28="Ya",W28*X28,0) -> 0 | Z28: =W28+Y28 -> 0 | AA28: =IF($L28="TER A",VLOOKUP(W28,TER!$A$5:$D$48,4,TRUE),IF($L28="TER B",VLOOKUP(W28,TER!$F$5:$I$44,4,TRUE),IF($L28="TER C",VLOOKUP(W28,TER!$K$5:$N$45,4,TRUE),0))) -> 0 | AB28: =ROUND(Z28*AA28,0) -> 0 | AD28: ='Data Gaji'!CL28 -> 0 | AE28: =IF($L28="TER A",VLOOKUP(AD28,TER!$A$5:$D$48,4,TRUE),IF($L28="TER B",VLOOKUP(AD28,TER!$F$5:$I$44,4,TRUE),IF($L28="TER C",VLOOKUP(AD28,TER!$K$5:$N$45,4,TRUE),0))) -> 0 | AF28: =IF($O28="Ya",AD28*AE28,0) -> 0 | AG28: =AD28+AF28 -> 0 | AH28: =IF($L28="TER A",VLOOKUP(AD28,TER!$A$5:$D$48,4,TRUE),IF($L28="TER B",VLOOKUP(AD28,TER!$F$5:$I$44,4,TRUE),IF($L28="TER C",VLOOKUP(AD28,TER!$K$5:$N$45,4,TRUE),0))) -> 0 | AI28: =ROUND(AG28*AH28,0) -> 0 | AK28: ='Data Gaji'!DL28 -> 0 | AL28: =IF($L28="TER A",VLOOKUP(AK28,TER!$A$5:$D$48,4,TRUE),IF($L28="TER B",VLOOKUP(AK28,TER!$F$5:$I$44,4,TRUE),IF($L28="TER C",VLOOKUP(AK28,TER!$K$5:$N$45,4,TRUE),0))) -> 0 | AM28: =IF($O28="Ya",AK28*AL28,0) -> 0 | AN28: =AK28+AM28 -> 0 | AO28: =IF($L28="TER A",VLOOKUP(AK28,TER!$A$5:$D$48,4,TRUE),IF($L28="TER B",VLOOKUP(AK28,TER!$F$5:$I$44,4,TRUE),IF($L28="TER C",VLOOKUP(AK28,TER!$K$5:$N$45,4,TRUE),0))) -> 0 | AP28: =ROUND(AN28*AO28,0) -> 0 | AR28: ='Data Gaji'!EL28 -> 0 | AS28: =IF($L28="TER A",VLOOKUP(AR28,TER!$A$5:$D$48,4,TRUE),IF($L28="TER B",VLOOKUP(AR28,TER!$F$5:$I$44,4,TRUE),IF($L28="TER C",VLOOKUP(AR28,TER!$K$5:$N$45,4,TRUE),0))) -> 0 | AT28: =IF($O28="Ya",AR28*AS28,0) -> 0 | AU28: =AR28+AT28 -> 0 | AV28: =IF($L28="TER A",VLOOKUP(AR28,TER!$A$5:$D$48,4,TRUE),IF($L28="TER B",VLOOKUP(AR28,TER!$F$5:$I$44,4,TRUE),IF($L28="TER C",VLOOKUP(AR28,TER!$K$5:$N$45,4,TRUE),0))) -> 0 | AW28: =ROUND(AU28*AV28,0) -> 0 | AY28: ='Data Gaji'!FL28 -> 0 | AZ28: =IF($L28="TER A",VLOOKUP(AY28,TER!$A$5:$D$48,4,TRUE),IF($L28="TER B",VLOOKUP(AY28,TER!$F$5:$I$44,4,TRUE),IF($L28="TER C",VLOOKUP(AY28,TER!$K$5:$N$45,4,TRUE),0))) -> 0 | BA28: =IF($O28="Ya",AY28*AZ28,0) -> 0 | BB28: =AY28+BA28 -> 0 | BC28: =IF($L28="TER A",VLOOKUP(AY28,TER!$A$5:$D$48,4,TRUE),IF($L28="TER B",VLOOKUP(AY28,TER!$F$5:$I$44,4,TRUE),IF($L28="TER C",VLOOKUP(AY28,TER!$K$5:$N$45,4,TRUE),0))) -> 0 | BD28: =ROUND(BB28*BC28,0) -> 0 | BF28: ='Data Gaji'!GL28 -> 0 | BG28: =IF($L28="TER A",VLOOKUP(BF28,TER!$A$5:$D$48,4,TRUE),IF($L28="TER B",VLOOKUP(BF28,TER!$F$5:$I$44,4,TRUE),IF($L28="TER C",VLOOKUP(BF28,TER!$K$5:$N$45,4,TRUE),0))) -> 0 | BH28: =IF($O28="Ya",BF28*BG28,0) -> 0 | BI28: =BF28+BH28 -> 0 | BJ28: =IF($L28="TER A",VLOOKUP(BF28,TER!$A$5:$D$48,4,TRUE),IF($L28="TER B",VLOOKUP(BF28,TER!$F$5:$I$44,4,TRUE),IF($L28="TER C",VLOOKUP(BF28,TER!$K$5:$N$45,4,TRUE),0))) -> 0 | BK28: =ROUND(BI28*BJ28,0) -> 0 | BM28: ='Data Gaji'!HL28 -> 0 | BN28: =IF($L28="TER A",VLOOKUP(BM28,TER!$A$5:$D$48,4,TRUE),IF($L28="TER B",VLOOKUP(BM28,TER!$F$5:$I$44,4,TRUE),IF($L28="TER C",VLOOKUP(BM28,TER!$K$5:$N$45,4,TRUE),0))) -> 0 | BO28: =IF($O28="Ya",BM28*BN28,0) -> 0 | BP28: =BM28+BO28 -> 0 | BQ28: =IF($L28="TER A",VLOOKUP(BM28,TER!$A$5:$D$48,4,TRUE),IF($L28="TER B",VLOOKUP(BM28,TER!$F$5:$I$44,4,TRUE),IF($L28="TER C",VLOOKUP(BM28,TER!$K$5:$N$45,4,TRUE),0))) -> 0 | BR28: =ROUND(BP28*BQ28,0) -> 0 | BT28: ='Data Gaji'!IL28 -> 0 | BU28: =IF($L28="TER A",VLOOKUP(BT28,TER!$A$5:$D$48,4,TRUE),IF($L28="TER B",VLOOKUP(BT28,TER!$F$5:$I$44,4,TRUE),IF($L28="TER C",VLOOKUP(BT28,TER!$K$5:$N$45,4,TRUE),0))) -> 0 | BV28: =IF($O28="Ya",BT28*BU28,0) -> 0 | BW28: =BT28+BV28 -> 0 | BX28: =IF($L28="TER A",VLOOKUP(BT28,TER!$A$5:$D$48,4,TRUE),IF($L28="TER B",VLOOKUP(BT28,TER!$F$5:$I$44,4,TRUE),IF($L28="TER C",VLOOKUP(BT28,TER!$K$5:$N$45,4,TRUE),0))) -> 0 | BY28: =ROUND(BW28*BX28,0) -> 0 | CA28: ='Data Gaji'!JL28 -> 0 | CB28: =IF($L28="TER A",VLOOKUP(CA28,TER!$A$5:$D$48,4,TRUE),IF($L28="TER B",VLOOKUP(CA28,TER!$F$5:$I$44,4,TRUE),IF($L28="TER C",VLOOKUP(CA28,TER!$K$5:$N$45,4,TRUE),0))) -> 0 | CC28: =IF($O28="Ya",CA28*CB28,0) -> 0 | CD28: =CA28+CC28 -> 0 | CE28: =IF($L28="TER A",VLOOKUP(CA28,TER!$A$5:$D$48,4,TRUE),IF($L28="TER B",VLOOKUP(CA28,TER!$F$5:$I$44,4,TRUE),IF($L28="TER C",VLOOKUP(CA28,TER!$K$5:$N$45,4,TRUE),0))) -> 0 | CF28: =ROUND(CD28*CE28,0) -> 0 | CH28: ='Data Gaji'!KL28 -> 0 | CI28: =IF($L28="TER A",VLOOKUP(CH28,TER!$A$5:$D$48,4,TRUE),IF($L28="TER B",VLOOKUP(CH28,TER!$F$5:$I$44,4,TRUE),IF($L28="TER C",VLOOKUP(CH28,TER!$K$5:$N$45,4,TRUE),0))) -> 0 | CJ28: =IF($O28="Ya",CH28*CI28,0) -> 0 | CK28: =CH28+CJ28 -> 0 | CL28: =IF($L28="TER A",VLOOKUP(CH28,TER!$A$5:$D$48,4,TRUE),IF($L28="TER B",VLOOKUP(CH28,TER!$F$5:$I$44,4,TRUE),IF($L28="TER C",VLOOKUP(CH28,TER!$K$5:$N$45,4,TRUE),0))) -> 0 | CM28: =ROUND(CK28*CL28,0) -> 0 | CO28: ='Data Gaji'!LL22 -> 0 | CP28: =IF($L28="TER A",VLOOKUP(CO28,TER!$A$5:$D$48,4,TRUE),IF($L28="TER B",VLOOKUP(CO28,TER!$F$5:$I$44,4,TRUE),IF($L28="TER C",VLOOKUP(CO28,TER!$K$5:$N$45,4,TRUE),0))) -> 0 | CQ28: =IF($O28="Ya",CO28*CP28,0) -> 0 | CR28: =CO28+CQ28 -> 0 | CS28: =IF($L28="TER A",VLOOKUP(CO28,TER!$A$5:$D$48,4,TRUE),IF($L28="TER B",VLOOKUP(CO28,TER!$F$5:$I$44,4,TRUE),IF($L28="TER C",VLOOKUP(CO28,TER!$K$5:$N$45,4,TRUE),0))) -> 0 | CT28: =CR28*CS28 -> 0
A29: =A28+1 -> 23 | K29: ='Data Gaji'!K29 -> 0 | L29: =IF(ISNA(VLOOKUP(K29,'PTKP & TARIF'!$D$4:$E$11,2,0)),"",VLOOKUP(K29,'PTKP & TARIF'!$D$4:$E$11,2,0)) | O29: TIDAK | P29: ='Data Gaji'!AL29 -> 0 | Q29: =IF($L29="TER A",VLOOKUP(P29,TER!$A$5:$D$48,4,TRUE),IF($L29="TER B",VLOOKUP(P29,TER!$F$5:$I$44,4,TRUE),IF($L29="TER C",VLOOKUP(P29,TER!$K$5:$N$45,4,TRUE),0))) -> 0 | R29: =IF($O29="Ya",P29*Q29,0) -> 0 | S29: =P29+R29 -> 0 | T29: =IF($L29="TER A",VLOOKUP(P29,TER!$A$5:$D$48,4,TRUE),IF($L29="TER B",VLOOKUP(P29,TER!$F$5:$I$44,4,TRUE),IF($L29="TER C",VLOOKUP(P29,TER!$K$5:$N$45,4,TRUE),0))) -> 0 | U29: =ROUND(S29*T29,0) -> 0 | W29: ='Data Gaji'!BL29 -> 0 | X29: =IF($L29="TER A",VLOOKUP(W29,TER!$A$5:$D$48,4,TRUE),IF($L29="TER B",VLOOKUP(W29,TER!$F$5:$I$44,4,TRUE),IF($L29="TER C",VLOOKUP(W29,TER!$K$5:$N$45,4,TRUE),0))) -> 0 | Y29: =IF($O29="Ya",W29*X29,0) -> 0 | Z29: =W29+Y29 -> 0 | AA29: =IF($L29="TER A",VLOOKUP(W29,TER!$A$5:$D$48,4,TRUE),IF($L29="TER B",VLOOKUP(W29,TER!$F$5:$I$44,4,TRUE),IF($L29="TER C",VLOOKUP(W29,TER!$K$5:$N$45,4,TRUE),0))) -> 0 | AB29: =ROUND(Z29*AA29,0) -> 0 | AD29: ='Data Gaji'!CL29 -> 0 | AE29: =IF($L29="TER A",VLOOKUP(AD29,TER!$A$5:$D$48,4,TRUE),IF($L29="TER B",VLOOKUP(AD29,TER!$F$5:$I$44,4,TRUE),IF($L29="TER C",VLOOKUP(AD29,TER!$K$5:$N$45,4,TRUE),0))) -> 0 | AF29: =IF($O29="Ya",AD29*AE29,0) -> 0 | AG29: =AD29+AF29 -> 0 | AH29: =IF($L29="TER A",VLOOKUP(AD29,TER!$A$5:$D$48,4,TRUE),IF($L29="TER B",VLOOKUP(AD29,TER!$F$5:$I$44,4,TRUE),IF($L29="TER C",VLOOKUP(AD29,TER!$K$5:$N$45,4,TRUE),0))) -> 0 | AI29: =ROUND(AG29*AH29,0) -> 0 | AK29: ='Data Gaji'!DL29 -> 0 | AL29: =IF($L29="TER A",VLOOKUP(AK29,TER!$A$5:$D$48,4,TRUE),IF($L29="TER B",VLOOKUP(AK29,TER!$F$5:$I$44,4,TRUE),IF($L29="TER C",VLOOKUP(AK29,TER!$K$5:$N$45,4,TRUE),0))) -> 0 | AM29: =IF($O29="Ya",AK29*AL29,0) -> 0 | AN29: =AK29+AM29 -> 0 | AO29: =IF($L29="TER A",VLOOKUP(AK29,TER!$A$5:$D$48,4,TRUE),IF($L29="TER B",VLOOKUP(AK29,TER!$F$5:$I$44,4,TRUE),IF($L29="TER C",VLOOKUP(AK29,TER!$K$5:$N$45,4,TRUE),0))) -> 0 | AP29: =ROUND(AN29*AO29,0) -> 0 | AR29: ='Data Gaji'!EL29 -> 0 | AS29: =IF($L29="TER A",VLOOKUP(AR29,TER!$A$5:$D$48,4,TRUE),IF($L29="TER B",VLOOKUP(AR29,TER!$F$5:$I$44,4,TRUE),IF($L29="TER C",VLOOKUP(AR29,TER!$K$5:$N$45,4,TRUE),0))) -> 0 | AT29: =IF($O29="Ya",AR29*AS29,0) -> 0 | AU29: =AR29+AT29 -> 0 | AV29: =IF($L29="TER A",VLOOKUP(AR29,TER!$A$5:$D$48,4,TRUE),IF($L29="TER B",VLOOKUP(AR29,TER!$F$5:$I$44,4,TRUE),IF($L29="TER C",VLOOKUP(AR29,TER!$K$5:$N$45,4,TRUE),0))) -> 0 | AW29: =ROUND(AU29*AV29,0) -> 0 | AY29: ='Data Gaji'!FL29 -> 0 | AZ29: =IF($L29="TER A",VLOOKUP(AY29,TER!$A$5:$D$48,4,TRUE),IF($L29="TER B",VLOOKUP(AY29,TER!$F$5:$I$44,4,TRUE),IF($L29="TER C",VLOOKUP(AY29,TER!$K$5:$N$45,4,TRUE),0))) -> 0 | BA29: =IF($O29="Ya",AY29*AZ29,0) -> 0 | BB29: =AY29+BA29 -> 0 | BC29: =IF($L29="TER A",VLOOKUP(AY29,TER!$A$5:$D$48,4,TRUE),IF($L29="TER B",VLOOKUP(AY29,TER!$F$5:$I$44,4,TRUE),IF($L29="TER C",VLOOKUP(AY29,TER!$K$5:$N$45,4,TRUE),0))) -> 0 | BD29: =ROUND(BB29*BC29,0) -> 0 | BF29: ='Data Gaji'!GL29 -> 0 | BG29: =IF($L29="TER A",VLOOKUP(BF29,TER!$A$5:$D$48,4,TRUE),IF($L29="TER B",VLOOKUP(BF29,TER!$F$5:$I$44,4,TRUE),IF($L29="TER C",VLOOKUP(BF29,TER!$K$5:$N$45,4,TRUE),0))) -> 0 | BH29: =IF($O29="Ya",BF29*BG29,0) -> 0 | BI29: =BF29+BH29 -> 0 | BJ29: =IF($L29="TER A",VLOOKUP(BF29,TER!$A$5:$D$48,4,TRUE),IF($L29="TER B",VLOOKUP(BF29,TER!$F$5:$I$44,4,TRUE),IF($L29="TER C",VLOOKUP(BF29,TER!$K$5:$N$45,4,TRUE),0))) -> 0 | BK29: =ROUND(BI29*BJ29,0) -> 0 | BM29: ='Data Gaji'!HL29 -> 0 | BN29: =IF($L29="TER A",VLOOKUP(BM29,TER!$A$5:$D$48,4,TRUE),IF($L29="TER B",VLOOKUP(BM29,TER!$F$5:$I$44,4,TRUE),IF($L29="TER C",VLOOKUP(BM29,TER!$K$5:$N$45,4,TRUE),0))) -> 0 | BO29: =IF($O29="Ya",BM29*BN29,0) -> 0 | BP29: =BM29+BO29 -> 0 | BQ29: =IF($L29="TER A",VLOOKUP(BM29,TER!$A$5:$D$48,4,TRUE),IF($L29="TER B",VLOOKUP(BM29,TER!$F$5:$I$44,4,TRUE),IF($L29="TER C",VLOOKUP(BM29,TER!$K$5:$N$45,4,TRUE),0))) -> 0 | BR29: =ROUND(BP29*BQ29,0) -> 0 | BT29: ='Data Gaji'!IL29 -> 0 | BU29: =IF($L29="TER A",VLOOKUP(BT29,TER!$A$5:$D$48,4,TRUE),IF($L29="TER B",VLOOKUP(BT29,TER!$F$5:$I$44,4,TRUE),IF($L29="TER C",VLOOKUP(BT29,TER!$K$5:$N$45,4,TRUE),0))) -> 0 | BV29: =IF($O29="Ya",BT29*BU29,0) -> 0 | BW29: =BT29+BV29 -> 0 | BX29: =IF($L29="TER A",VLOOKUP(BT29,TER!$A$5:$D$48,4,TRUE),IF($L29="TER B",VLOOKUP(BT29,TER!$F$5:$I$44,4,TRUE),IF($L29="TER C",VLOOKUP(BT29,TER!$K$5:$N$45,4,TRUE),0))) -> 0 | BY29: =ROUND(BW29*BX29,0) -> 0 | CA29: ='Data Gaji'!JL29 -> 0 | CB29: =IF($L29="TER A",VLOOKUP(CA29,TER!$A$5:$D$48,4,TRUE),IF($L29="TER B",VLOOKUP(CA29,TER!$F$5:$I$44,4,TRUE),IF($L29="TER C",VLOOKUP(CA29,TER!$K$5:$N$45,4,TRUE),0))) -> 0 | CC29: =IF($O29="Ya",CA29*CB29,0) -> 0 | CD29: =CA29+CC29 -> 0 | CE29: =IF($L29="TER A",VLOOKUP(CA29,TER!$A$5:$D$48,4,TRUE),IF($L29="TER B",VLOOKUP(CA29,TER!$F$5:$I$44,4,TRUE),IF($L29="TER C",VLOOKUP(CA29,TER!$K$5:$N$45,4,TRUE),0))) -> 0 | CF29: =ROUND(CD29*CE29,0) -> 0 | CH29: ='Data Gaji'!KL29 -> 0 | CI29: =IF($L29="TER A",VLOOKUP(CH29,TER!$A$5:$D$48,4,TRUE),IF($L29="TER B",VLOOKUP(CH29,TER!$F$5:$I$44,4,TRUE),IF($L29="TER C",VLOOKUP(CH29,TER!$K$5:$N$45,4,TRUE),0))) -> 0 | CJ29: =IF($O29="Ya",CH29*CI29,0) -> 0 | CK29: =CH29+CJ29 -> 0 | CL29: =IF($L29="TER A",VLOOKUP(CH29,TER!$A$5:$D$48,4,TRUE),IF($L29="TER B",VLOOKUP(CH29,TER!$F$5:$I$44,4,TRUE),IF($L29="TER C",VLOOKUP(CH29,TER!$K$5:$N$45,4,TRUE),0))) -> 0 | CM29: =ROUND(CK29*CL29,0) -> 0 | CO29: ='Data Gaji'!LL22 -> 0 | CP29: =IF($L29="TER A",VLOOKUP(CO29,TER!$A$5:$D$48,4,TRUE),IF($L29="TER B",VLOOKUP(CO29,TER!$F$5:$I$44,4,TRUE),IF($L29="TER C",VLOOKUP(CO29,TER!$K$5:$N$45,4,TRUE),0))) -> 0 | CQ29: =IF($O29="Ya",CO29*CP29,0) -> 0 | CR29: =CO29+CQ29 -> 0 | CS29: =IF($L29="TER A",VLOOKUP(CO29,TER!$A$5:$D$48,4,TRUE),IF($L29="TER B",VLOOKUP(CO29,TER!$F$5:$I$44,4,TRUE),IF($L29="TER C",VLOOKUP(CO29,TER!$K$5:$N$45,4,TRUE),0))) -> 0 | CT29: =CR29*CS29 -> 0
A30: =A29+1 -> 24 | K30: ='Data Gaji'!K30 -> 0 | L30: =IF(ISNA(VLOOKUP(K30,'PTKP & TARIF'!$D$4:$E$11,2,0)),"",VLOOKUP(K30,'PTKP & TARIF'!$D$4:$E$11,2,0)) | O30: TIDAK | P30: ='Data Gaji'!AL30 -> 0 | Q30: =IF($L30="TER A",VLOOKUP(P30,TER!$A$5:$D$48,4,TRUE),IF($L30="TER B",VLOOKUP(P30,TER!$F$5:$I$44,4,TRUE),IF($L30="TER C",VLOOKUP(P30,TER!$K$5:$N$45,4,TRUE),0))) -> 0 | R30: =IF($O30="Ya",P30*Q30,0) -> 0 | S30: =P30+R30 -> 0 | T30: =IF($L30="TER A",VLOOKUP(P30,TER!$A$5:$D$48,4,TRUE),IF($L30="TER B",VLOOKUP(P30,TER!$F$5:$I$44,4,TRUE),IF($L30="TER C",VLOOKUP(P30,TER!$K$5:$N$45,4,TRUE),0))) -> 0 | U30: =ROUND(S30*T30,0) -> 0 | W30: ='Data Gaji'!BL30 -> 0 | X30: =IF($L30="TER A",VLOOKUP(W30,TER!$A$5:$D$48,4,TRUE),IF($L30="TER B",VLOOKUP(W30,TER!$F$5:$I$44,4,TRUE),IF($L30="TER C",VLOOKUP(W30,TER!$K$5:$N$45,4,TRUE),0))) -> 0 | Y30: =IF($O30="Ya",W30*X30,0) -> 0 | Z30: =W30+Y30 -> 0 | AA30: =IF($L30="TER A",VLOOKUP(W30,TER!$A$5:$D$48,4,TRUE),IF($L30="TER B",VLOOKUP(W30,TER!$F$5:$I$44,4,TRUE),IF($L30="TER C",VLOOKUP(W30,TER!$K$5:$N$45,4,TRUE),0))) -> 0 | AB30: =ROUND(Z30*AA30,0) -> 0 | AD30: ='Data Gaji'!CL30 -> 0 | AE30: =IF($L30="TER A",VLOOKUP(AD30,TER!$A$5:$D$48,4,TRUE),IF($L30="TER B",VLOOKUP(AD30,TER!$F$5:$I$44,4,TRUE),IF($L30="TER C",VLOOKUP(AD30,TER!$K$5:$N$45,4,TRUE),0))) -> 0 | AF30: =IF($O30="Ya",AD30*AE30,0) -> 0 | AG30: =AD30+AF30 -> 0 | AH30: =IF($L30="TER A",VLOOKUP(AD30,TER!$A$5:$D$48,4,TRUE),IF($L30="TER B",VLOOKUP(AD30,TER!$F$5:$I$44,4,TRUE),IF($L30="TER C",VLOOKUP(AD30,TER!$K$5:$N$45,4,TRUE),0))) -> 0 | AI30: =ROUND(AG30*AH30,0) -> 0 | AK30: ='Data Gaji'!DL30 -> 0 | AL30: =IF($L30="TER A",VLOOKUP(AK30,TER!$A$5:$D$48,4,TRUE),IF($L30="TER B",VLOOKUP(AK30,TER!$F$5:$I$44,4,TRUE),IF($L30="TER C",VLOOKUP(AK30,TER!$K$5:$N$45,4,TRUE),0))) -> 0 | AM30: =IF($O30="Ya",AK30*AL30,0) -> 0 | AN30: =AK30+AM30 -> 0 | AO30: =IF($L30="TER A",VLOOKUP(AK30,TER!$A$5:$D$48,4,TRUE),IF($L30="TER B",VLOOKUP(AK30,TER!$F$5:$I$44,4,TRUE),IF($L30="TER C",VLOOKUP(AK30,TER!$K$5:$N$45,4,TRUE),0))) -> 0 | AP30: =ROUND(AN30*AO30,0) -> 0 | AR30: ='Data Gaji'!EL30 -> 0 | AS30: =IF($L30="TER A",VLOOKUP(AR30,TER!$A$5:$D$48,4,TRUE),IF($L30="TER B",VLOOKUP(AR30,TER!$F$5:$I$44,4,TRUE),IF($L30="TER C",VLOOKUP(AR30,TER!$K$5:$N$45,4,TRUE),0))) -> 0 | AT30: =IF($O30="Ya",AR30*AS30,0) -> 0 | AU30: =AR30+AT30 -> 0 | AV30: =IF($L30="TER A",VLOOKUP(AR30,TER!$A$5:$D$48,4,TRUE),IF($L30="TER B",VLOOKUP(AR30,TER!$F$5:$I$44,4,TRUE),IF($L30="TER C",VLOOKUP(AR30,TER!$K$5:$N$45,4,TRUE),0))) -> 0 | AW30: =ROUND(AU30*AV30,0) -> 0 | AY30: ='Data Gaji'!FL30 -> 0 | AZ30: =IF($L30="TER A",VLOOKUP(AY30,TER!$A$5:$D$48,4,TRUE),IF($L30="TER B",VLOOKUP(AY30,TER!$F$5:$I$44,4,TRUE),IF($L30="TER C",VLOOKUP(AY30,TER!$K$5:$N$45,4,TRUE),0))) -> 0 | BA30: =IF($O30="Ya",AY30*AZ30,0) -> 0 | BB30: =AY30+BA30 -> 0 | BC30: =IF($L30="TER A",VLOOKUP(AY30,TER!$A$5:$D$48,4,TRUE),IF($L30="TER B",VLOOKUP(AY30,TER!$F$5:$I$44,4,TRUE),IF($L30="TER C",VLOOKUP(AY30,TER!$K$5:$N$45,4,TRUE),0))) -> 0 | BD30: =ROUND(BB30*BC30,0) -> 0 | BF30: ='Data Gaji'!GL30 -> 0 | BG30: =IF($L30="TER A",VLOOKUP(BF30,TER!$A$5:$D$48,4,TRUE),IF($L30="TER B",VLOOKUP(BF30,TER!$F$5:$I$44,4,TRUE),IF($L30="TER C",VLOOKUP(BF30,TER!$K$5:$N$45,4,TRUE),0))) -> 0 | BH30: =IF($O30="Ya",BF30*BG30,0) -> 0 | BI30: =BF30+BH30 -> 0 | BJ30: =IF($L30="TER A",VLOOKUP(BF30,TER!$A$5:$D$48,4,TRUE),IF($L30="TER B",VLOOKUP(BF30,TER!$F$5:$I$44,4,TRUE),IF($L30="TER C",VLOOKUP(BF30,TER!$K$5:$N$45,4,TRUE),0))) -> 0 | BK30: =ROUND(BI30*BJ30,0) -> 0 | BM30: ='Data Gaji'!HL30 -> 0 | BN30: =IF($L30="TER A",VLOOKUP(BM30,TER!$A$5:$D$48,4,TRUE),IF($L30="TER B",VLOOKUP(BM30,TER!$F$5:$I$44,4,TRUE),IF($L30="TER C",VLOOKUP(BM30,TER!$K$5:$N$45,4,TRUE),0))) -> 0 | BO30: =IF($O30="Ya",BM30*BN30,0) -> 0 | BP30: =BM30+BO30 -> 0 | BQ30: =IF($L30="TER A",VLOOKUP(BM30,TER!$A$5:$D$48,4,TRUE),IF($L30="TER B",VLOOKUP(BM30,TER!$F$5:$I$44,4,TRUE),IF($L30="TER C",VLOOKUP(BM30,TER!$K$5:$N$45,4,TRUE),0))) -> 0 | BR30: =ROUND(BP30*BQ30,0) -> 0 | BT30: ='Data Gaji'!IL30 -> 0 | BU30: =IF($L30="TER A",VLOOKUP(BT30,TER!$A$5:$D$48,4,TRUE),IF($L30="TER B",VLOOKUP(BT30,TER!$F$5:$I$44,4,TRUE),IF($L30="TER C",VLOOKUP(BT30,TER!$K$5:$N$45,4,TRUE),0))) -> 0 | BV30: =IF($O30="Ya",BT30*BU30,0) -> 0 | BW30: =BT30+BV30 -> 0 | BX30: =IF($L30="TER A",VLOOKUP(BT30,TER!$A$5:$D$48,4,TRUE),IF($L30="TER B",VLOOKUP(BT30,TER!$F$5:$I$44,4,TRUE),IF($L30="TER C",VLOOKUP(BT30,TER!$K$5:$N$45,4,TRUE),0))) -> 0 | BY30: =ROUND(BW30*BX30,0) -> 0 | CA30: ='Data Gaji'!JL30 -> 0 | CB30: =IF($L30="TER A",VLOOKUP(CA30,TER!$A$5:$D$48,4,TRUE),IF($L30="TER B",VLOOKUP(CA30,TER!$F$5:$I$44,4,TRUE),IF($L30="TER C",VLOOKUP(CA30,TER!$K$5:$N$45,4,TRUE),0))) -> 0 | CC30: =IF($O30="Ya",CA30*CB30,0) -> 0 | CD30: =CA30+CC30 -> 0 | CE30: =IF($L30="TER A",VLOOKUP(CA30,TER!$A$5:$D$48,4,TRUE),IF($L30="TER B",VLOOKUP(CA30,TER!$F$5:$I$44,4,TRUE),IF($L30="TER C",VLOOKUP(CA30,TER!$K$5:$N$45,4,TRUE),0))) -> 0 | CF30: =ROUND(CD30*CE30,0) -> 0 | CH30: ='Data Gaji'!KL30 -> 0 | CI30: =IF($L30="TER A",VLOOKUP(CH30,TER!$A$5:$D$48,4,TRUE),IF($L30="TER B",VLOOKUP(CH30,TER!$F$5:$I$44,4,TRUE),IF($L30="TER C",VLOOKUP(CH30,TER!$K$5:$N$45,4,TRUE),0))) -> 0 | CJ30: =IF($O30="Ya",CH30*CI30,0) -> 0 | CK30: =CH30+CJ30 -> 0 | CL30: =IF($L30="TER A",VLOOKUP(CH30,TER!$A$5:$D$48,4,TRUE),IF($L30="TER B",VLOOKUP(CH30,TER!$F$5:$I$44,4,TRUE),IF($L30="TER C",VLOOKUP(CH30,TER!$K$5:$N$45,4,TRUE),0))) -> 0 | CM30: =ROUND(CK30*CL30,0) -> 0 | CO30: ='Data Gaji'!LL24 -> 0 | CP30: =IF($L30="TER A",VLOOKUP(CO30,TER!$A$5:$D$48,4,TRUE),IF($L30="TER B",VLOOKUP(CO30,TER!$F$5:$I$44,4,TRUE),IF($L30="TER C",VLOOKUP(CO30,TER!$K$5:$N$45,4,TRUE),0))) -> 0 | CQ30: =IF($O30="Ya",CO30*CP30,0) -> 0 | CR30: =CO30+CQ30 -> 0 | CS30: =IF($L30="TER A",VLOOKUP(CO30,TER!$A$5:$D$48,4,TRUE),IF($L30="TER B",VLOOKUP(CO30,TER!$F$5:$I$44,4,TRUE),IF($L30="TER C",VLOOKUP(CO30,TER!$K$5:$N$45,4,TRUE),0))) -> 0 | CT30: =CR30*CS30 -> 0
A31: =A30+1 -> 25 | K31: ='Data Gaji'!K31 -> 0 | L31: =IF(ISNA(VLOOKUP(K31,'PTKP & TARIF'!$D$4:$E$11,2,0)),"",VLOOKUP(K31,'PTKP & TARIF'!$D$4:$E$11,2,0)) | O31: TIDAK | P31: ='Data Gaji'!AL31 -> 0 | Q31: =IF($L31="TER A",VLOOKUP(P31,TER!$A$5:$D$48,4,TRUE),IF($L31="TER B",VLOOKUP(P31,TER!$F$5:$I$44,4,TRUE),IF($L31="TER C",VLOOKUP(P31,TER!$K$5:$N$45,4,TRUE),0))) -> 0 | R31: =IF($O31="Ya",P31*Q31,0) -> 0 | S31: =P31+R31 -> 0 | T31: =IF($L31="TER A",VLOOKUP(P31,TER!$A$5:$D$48,4,TRUE),IF($L31="TER B",VLOOKUP(P31,TER!$F$5:$I$44,4,TRUE),IF($L31="TER C",VLOOKUP(P31,TER!$K$5:$N$45,4,TRUE),0))) -> 0 | U31: =ROUND(S31*T31,0) -> 0 | W31: ='Data Gaji'!BL31 -> 0 | X31: =IF($L31="TER A",VLOOKUP(W31,TER!$A$5:$D$48,4,TRUE),IF($L31="TER B",VLOOKUP(W31,TER!$F$5:$I$44,4,TRUE),IF($L31="TER C",VLOOKUP(W31,TER!$K$5:$N$45,4,TRUE),0))) -> 0 | Y31: =IF($O31="Ya",W31*X31,0) -> 0 | Z31: =W31+Y31 -> 0 | AA31: =IF($L31="TER A",VLOOKUP(W31,TER!$A$5:$D$48,4,TRUE),IF($L31="TER B",VLOOKUP(W31,TER!$F$5:$I$44,4,TRUE),IF($L31="TER C",VLOOKUP(W31,TER!$K$5:$N$45,4,TRUE),0))) -> 0 | AB31: =ROUND(Z31*AA31,0) -> 0 | AD31: ='Data Gaji'!CL31 -> 0 | AE31: =IF($L31="TER A",VLOOKUP(AD31,TER!$A$5:$D$48,4,TRUE),IF($L31="TER B",VLOOKUP(AD31,TER!$F$5:$I$44,4,TRUE),IF($L31="TER C",VLOOKUP(AD31,TER!$K$5:$N$45,4,TRUE),0))) -> 0 | AF31: =IF($O31="Ya",AD31*AE31,0) -> 0 | AG31: =AD31+AF31 -> 0 | AH31: =IF($L31="TER A",VLOOKUP(AD31,TER!$A$5:$D$48,4,TRUE),IF($L31="TER B",VLOOKUP(AD31,TER!$F$5:$I$44,4,TRUE),IF($L31="TER C",VLOOKUP(AD31,TER!$K$5:$N$45,4,TRUE),0))) -> 0 | AI31: =ROUND(AG31*AH31,0) -> 0 | AK31: ='Data Gaji'!DL31 -> 0 | AL31: =IF($L31="TER A",VLOOKUP(AK31,TER!$A$5:$D$48,4,TRUE),IF($L31="TER B",VLOOKUP(AK31,TER!$F$5:$I$44,4,TRUE),IF($L31="TER C",VLOOKUP(AK31,TER!$K$5:$N$45,4,TRUE),0))) -> 0 | AM31: =IF($O31="Ya",AK31*AL31,0) -> 0 | AN31: =AK31+AM31 -> 0 | AO31: =IF($L31="TER A",VLOOKUP(AK31,TER!$A$5:$D$48,4,TRUE),IF($L31="TER B",VLOOKUP(AK31,TER!$F$5:$I$44,4,TRUE),IF($L31="TER C",VLOOKUP(AK31,TER!$K$5:$N$45,4,TRUE),0))) -> 0 | AP31: =ROUND(AN31*AO31,0) -> 0 | AR31: ='Data Gaji'!EL31 -> 0 | AS31: =IF($L31="TER A",VLOOKUP(AR31,TER!$A$5:$D$48,4,TRUE),IF($L31="TER B",VLOOKUP(AR31,TER!$F$5:$I$44,4,TRUE),IF($L31="TER C",VLOOKUP(AR31,TER!$K$5:$N$45,4,TRUE),0))) -> 0 | AT31: =IF($O31="Ya",AR31*AS31,0) -> 0 | AU31: =AR31+AT31 -> 0 | AV31: =IF($L31="TER A",VLOOKUP(AR31,TER!$A$5:$D$48,4,TRUE),IF($L31="TER B",VLOOKUP(AR31,TER!$F$5:$I$44,4,TRUE),IF($L31="TER C",VLOOKUP(AR31,TER!$K$5:$N$45,4,TRUE),0))) -> 0 | AW31: =ROUND(AU31*AV31,0) -> 0 | AY31: ='Data Gaji'!FL31 -> 0 | AZ31: =IF($L31="TER A",VLOOKUP(AY31,TER!$A$5:$D$48,4,TRUE),IF($L31="TER B",VLOOKUP(AY31,TER!$F$5:$I$44,4,TRUE),IF($L31="TER C",VLOOKUP(AY31,TER!$K$5:$N$45,4,TRUE),0))) -> 0 | BA31: =IF($O31="Ya",AY31*AZ31,0) -> 0 | BB31: =AY31+BA31 -> 0 | BC31: =IF($L31="TER A",VLOOKUP(AY31,TER!$A$5:$D$48,4,TRUE),IF($L31="TER B",VLOOKUP(AY31,TER!$F$5:$I$44,4,TRUE),IF($L31="TER C",VLOOKUP(AY31,TER!$K$5:$N$45,4,TRUE),0))) -> 0 | BD31: =ROUND(BB31*BC31,0) -> 0 | BF31: ='Data Gaji'!GL31 -> 0 | BG31: =IF($L31="TER A",VLOOKUP(BF31,TER!$A$5:$D$48,4,TRUE),IF($L31="TER B",VLOOKUP(BF31,TER!$F$5:$I$44,4,TRUE),IF($L31="TER C",VLOOKUP(BF31,TER!$K$5:$N$45,4,TRUE),0))) -> 0 | BH31: =IF($O31="Ya",BF31*BG31,0) -> 0 | BI31: =BF31+BH31 -> 0 | BJ31: =IF($L31="TER A",VLOOKUP(BF31,TER!$A$5:$D$48,4,TRUE),IF($L31="TER B",VLOOKUP(BF31,TER!$F$5:$I$44,4,TRUE),IF($L31="TER C",VLOOKUP(BF31,TER!$K$5:$N$45,4,TRUE),0))) -> 0 | BK31: =ROUND(BI31*BJ31,0) -> 0 | BM31: ='Data Gaji'!HL31 -> 0 | BN31: =IF($L31="TER A",VLOOKUP(BM31,TER!$A$5:$D$48,4,TRUE),IF($L31="TER B",VLOOKUP(BM31,TER!$F$5:$I$44,4,TRUE),IF($L31="TER C",VLOOKUP(BM31,TER!$K$5:$N$45,4,TRUE),0))) -> 0 | BO31: =IF($O31="Ya",BM31*BN31,0) -> 0 | BP31: =BM31+BO31 -> 0 | BQ31: =IF($L31="TER A",VLOOKUP(BM31,TER!$A$5:$D$48,4,TRUE),IF($L31="TER B",VLOOKUP(BM31,TER!$F$5:$I$44,4,TRUE),IF($L31="TER C",VLOOKUP(BM31,TER!$K$5:$N$45,4,TRUE),0))) -> 0 | BR31: =ROUND(BP31*BQ31,0) -> 0 | BT31: ='Data Gaji'!IL31 -> 0 | BU31: =IF($L31="TER A",VLOOKUP(BT31,TER!$A$5:$D$48,4,TRUE),IF($L31="TER B",VLOOKUP(BT31,TER!$F$5:$I$44,4,TRUE),IF($L31="TER C",VLOOKUP(BT31,TER!$K$5:$N$45,4,TRUE),0))) -> 0 | BV31: =IF($O31="Ya",BT31*BU31,0) -> 0 | BW31: =BT31+BV31 -> 0 | BX31: =IF($L31="TER A",VLOOKUP(BT31,TER!$A$5:$D$48,4,TRUE),IF($L31="TER B",VLOOKUP(BT31,TER!$F$5:$I$44,4,TRUE),IF($L31="TER C",VLOOKUP(BT31,TER!$K$5:$N$45,4,TRUE),0))) -> 0 | BY31: =ROUND(BW31*BX31,0) -> 0 | CA31: ='Data Gaji'!JL31 -> 0 | CB31: =IF($L31="TER A",VLOOKUP(CA31,TER!$A$5:$D$48,4,TRUE),IF($L31="TER B",VLOOKUP(CA31,TER!$F$5:$I$44,4,TRUE),IF($L31="TER C",VLOOKUP(CA31,TER!$K$5:$N$45,4,TRUE),0))) -> 0 | CC31: =IF($O31="Ya",CA31*CB31,0) -> 0 | CD31: =CA31+CC31 -> 0 | CE31: =IF($L31="TER A",VLOOKUP(CA31,TER!$A$5:$D$48,4,TRUE),IF($L31="TER B",VLOOKUP(CA31,TER!$F$5:$I$44,4,TRUE),IF($L31="TER C",VLOOKUP(CA31,TER!$K$5:$N$45,4,TRUE),0))) -> 0 | CF31: =ROUND(CD31*CE31,0) -> 0 | CH31: ='Data Gaji'!KL31 -> 0 | CI31: =IF($L31="TER A",VLOOKUP(CH31,TER!$A$5:$D$48,4,TRUE),IF($L31="TER B",VLOOKUP(CH31,TER!$F$5:$I$44,4,TRUE),IF($L31="TER C",VLOOKUP(CH31,TER!$K$5:$N$45,4,TRUE),0))) -> 0 | CJ31: =IF($O31="Ya",CH31*CI31,0) -> 0 | CK31: =CH31+CJ31 -> 0 | CL31: =IF($L31="TER A",VLOOKUP(CH31,TER!$A$5:$D$48,4,TRUE),IF($L31="TER B",VLOOKUP(CH31,TER!$F$5:$I$44,4,TRUE),IF($L31="TER C",VLOOKUP(CH31,TER!$K$5:$N$45,4,TRUE),0))) -> 0 | CM31: =ROUND(CK31*CL31,0) -> 0 | CO31: ='Data Gaji'!LL31 -> 0 | CP31: =IF($L31="TER A",VLOOKUP(CO31,TER!$A$5:$D$48,4,TRUE),IF($L31="TER B",VLOOKUP(CO31,TER!$F$5:$I$44,4,TRUE),IF($L31="TER C",VLOOKUP(CO31,TER!$K$5:$N$45,4,TRUE),0))) -> 0 | CQ31: =IF($O31="Ya",CO31*CP31,0) -> 0 | CR31: =CO31+CQ31 -> 0 | CS31: =IF($L31="TER A",VLOOKUP(CO31,TER!$A$5:$D$48,4,TRUE),IF($L31="TER B",VLOOKUP(CO31,TER!$F$5:$I$44,4,TRUE),IF($L31="TER C",VLOOKUP(CO31,TER!$K$5:$N$45,4,TRUE),0))) -> 0 | CT31: =CR31*CS31 -> 0
A32: =A31+1 -> 26 | K32: ='Data Gaji'!K32 -> 0 | L32: =IF(ISNA(VLOOKUP(K32,'PTKP & TARIF'!$D$4:$E$11,2,0)),"",VLOOKUP(K32,'PTKP & TARIF'!$D$4:$E$11,2,0)) | O32: TIDAK | P32: ='Data Gaji'!AL32 -> 0 | Q32: =IF($L32="TER A",VLOOKUP(P32,TER!$A$5:$D$48,4,TRUE),IF($L32="TER B",VLOOKUP(P32,TER!$F$5:$I$44,4,TRUE),IF($L32="TER C",VLOOKUP(P32,TER!$K$5:$N$45,4,TRUE),0))) -> 0 | R32: =IF($O32="Ya",P32*Q32,0) -> 0 | S32: =P32+R32 -> 0 | T32: =IF($L32="TER A",VLOOKUP(P32,TER!$A$5:$D$48,4,TRUE),IF($L32="TER B",VLOOKUP(P32,TER!$F$5:$I$44,4,TRUE),IF($L32="TER C",VLOOKUP(P32,TER!$K$5:$N$45,4,TRUE),0))) -> 0 | U32: =ROUND(S32*T32,0) -> 0 | W32: ='Data Gaji'!BL32 -> 0 | X32: =IF($L32="TER A",VLOOKUP(W32,TER!$A$5:$D$48,4,TRUE),IF($L32="TER B",VLOOKUP(W32,TER!$F$5:$I$44,4,TRUE),IF($L32="TER C",VLOOKUP(W32,TER!$K$5:$N$45,4,TRUE),0))) -> 0 | Y32: =IF($O32="Ya",W32*X32,0) -> 0 | Z32: =W32+Y32 -> 0 | AA32: =IF($L32="TER A",VLOOKUP(W32,TER!$A$5:$D$48,4,TRUE),IF($L32="TER B",VLOOKUP(W32,TER!$F$5:$I$44,4,TRUE),IF($L32="TER C",VLOOKUP(W32,TER!$K$5:$N$45,4,TRUE),0))) -> 0 | AB32: =ROUND(Z32*AA32,0) -> 0 | AD32: ='Data Gaji'!CL32 -> 0 | AE32: =IF($L32="TER A",VLOOKUP(AD32,TER!$A$5:$D$48,4,TRUE),IF($L32="TER B",VLOOKUP(AD32,TER!$F$5:$I$44,4,TRUE),IF($L32="TER C",VLOOKUP(AD32,TER!$K$5:$N$45,4,TRUE),0))) -> 0 | AF32: =IF($O32="Ya",AD32*AE32,0) -> 0 | AG32: =AD32+AF32 -> 0 | AH32: =IF($L32="TER A",VLOOKUP(AD32,TER!$A$5:$D$48,4,TRUE),IF($L32="TER B",VLOOKUP(AD32,TER!$F$5:$I$44,4,TRUE),IF($L32="TER C",VLOOKUP(AD32,TER!$K$5:$N$45,4,TRUE),0))) -> 0 | AI32: =ROUND(AG32*AH32,0) -> 0 | AK32: ='Data Gaji'!DL32 -> 0 | AL32: =IF($L32="TER A",VLOOKUP(AK32,TER!$A$5:$D$48,4,TRUE),IF($L32="TER B",VLOOKUP(AK32,TER!$F$5:$I$44,4,TRUE),IF($L32="TER C",VLOOKUP(AK32,TER!$K$5:$N$45,4,TRUE),0))) -> 0 | AM32: =IF($O32="Ya",AK32*AL32,0) -> 0 | AN32: =AK32+AM32 -> 0 | AO32: =IF($L32="TER A",VLOOKUP(AK32,TER!$A$5:$D$48,4,TRUE),IF($L32="TER B",VLOOKUP(AK32,TER!$F$5:$I$44,4,TRUE),IF($L32="TER C",VLOOKUP(AK32,TER!$K$5:$N$45,4,TRUE),0))) -> 0 | AP32: =ROUND(AN32*AO32,0) -> 0 | AR32: ='Data Gaji'!EL32 -> 0 | AS32: =IF($L32="TER A",VLOOKUP(AR32,TER!$A$5:$D$48,4,TRUE),IF($L32="TER B",VLOOKUP(AR32,TER!$F$5:$I$44,4,TRUE),IF($L32="TER C",VLOOKUP(AR32,TER!$K$5:$N$45,4,TRUE),0))) -> 0 | AT32: =IF($O32="Ya",AR32*AS32,0) -> 0 | AU32: =AR32+AT32 -> 0 | AV32: =IF($L32="TER A",VLOOKUP(AR32,TER!$A$5:$D$48,4,TRUE),IF($L32="TER B",VLOOKUP(AR32,TER!$F$5:$I$44,4,TRUE),IF($L32="TER C",VLOOKUP(AR32,TER!$K$5:$N$45,4,TRUE),0))) -> 0 | AW32: =ROUND(AU32*AV32,0) -> 0 | AY32: ='Data Gaji'!FL32 -> 0 | AZ32: =IF($L32="TER A",VLOOKUP(AY32,TER!$A$5:$D$48,4,TRUE),IF($L32="TER B",VLOOKUP(AY32,TER!$F$5:$I$44,4,TRUE),IF($L32="TER C",VLOOKUP(AY32,TER!$K$5:$N$45,4,TRUE),0))) -> 0 | BA32: =IF($O32="Ya",AY32*AZ32,0) -> 0 | BB32: =AY32+BA32 -> 0 | BC32: =IF($L32="TER A",VLOOKUP(AY32,TER!$A$5:$D$48,4,TRUE),IF($L32="TER B",VLOOKUP(AY32,TER!$F$5:$I$44,4,TRUE),IF($L32="TER C",VLOOKUP(AY32,TER!$K$5:$N$45,4,TRUE),0))) -> 0 | BD32: =ROUND(BB32*BC32,0) -> 0 | BF32: ='Data Gaji'!GL32 -> 0 | BG32: =IF($L32="TER A",VLOOKUP(BF32,TER!$A$5:$D$48,4,TRUE),IF($L32="TER B",VLOOKUP(BF32,TER!$F$5:$I$44,4,TRUE),IF($L32="TER C",VLOOKUP(BF32,TER!$K$5:$N$45,4,TRUE),0))) -> 0 | BH32: =IF($O32="Ya",BF32*BG32,0) -> 0 | BI32: =BF32+BH32 -> 0 | BJ32: =IF($L32="TER A",VLOOKUP(BF32,TER!$A$5:$D$48,4,TRUE),IF($L32="TER B",VLOOKUP(BF32,TER!$F$5:$I$44,4,TRUE),IF($L32="TER C",VLOOKUP(BF32,TER!$K$5:$N$45,4,TRUE),0))) -> 0 | BK32: =ROUND(BI32*BJ32,0) -> 0 | BM32: ='Data Gaji'!HL32 -> 0 | BN32: =IF($L32="TER A",VLOOKUP(BM32,TER!$A$5:$D$48,4,TRUE),IF($L32="TER B",VLOOKUP(BM32,TER!$F$5:$I$44,4,TRUE),IF($L32="TER C",VLOOKUP(BM32,TER!$K$5:$N$45,4,TRUE),0))) -> 0 | BO32: =IF($O32="Ya",BM32*BN32,0) -> 0 | BP32: =BM32+BO32 -> 0 | BQ32: =IF($L32="TER A",VLOOKUP(BM32,TER!$A$5:$D$48,4,TRUE),IF($L32="TER B",VLOOKUP(BM32,TER!$F$5:$I$44,4,TRUE),IF($L32="TER C",VLOOKUP(BM32,TER!$K$5:$N$45,4,TRUE),0))) -> 0 | BR32: =ROUND(BP32*BQ32,0) -> 0 | BT32: ='Data Gaji'!IL32 -> 0 | BU32: =IF($L32="TER A",VLOOKUP(BT32,TER!$A$5:$D$48,4,TRUE),IF($L32="TER B",VLOOKUP(BT32,TER!$F$5:$I$44,4,TRUE),IF($L32="TER C",VLOOKUP(BT32,TER!$K$5:$N$45,4,TRUE),0))) -> 0 | BV32: =IF($O32="Ya",BT32*BU32,0) -> 0 | BW32: =BT32+BV32 -> 0 | BX32: =IF($L32="TER A",VLOOKUP(BT32,TER!$A$5:$D$48,4,TRUE),IF($L32="TER B",VLOOKUP(BT32,TER!$F$5:$I$44,4,TRUE),IF($L32="TER C",VLOOKUP(BT32,TER!$K$5:$N$45,4,TRUE),0))) -> 0 | BY32: =ROUND(BW32*BX32,0) -> 0 | CA32: ='Data Gaji'!JL32 -> 0 | CB32: =IF($L32="TER A",VLOOKUP(CA32,TER!$A$5:$D$48,4,TRUE),IF($L32="TER B",VLOOKUP(CA32,TER!$F$5:$I$44,4,TRUE),IF($L32="TER C",VLOOKUP(CA32,TER!$K$5:$N$45,4,TRUE),0))) -> 0 | CC32: =IF($O32="Ya",CA32*CB32,0) -> 0 | CD32: =CA32+CC32 -> 0 | CE32: =IF($L32="TER A",VLOOKUP(CA32,TER!$A$5:$D$48,4,TRUE),IF($L32="TER B",VLOOKUP(CA32,TER!$F$5:$I$44,4,TRUE),IF($L32="TER C",VLOOKUP(CA32,TER!$K$5:$N$45,4,TRUE),0))) -> 0 | CF32: =ROUND(CD32*CE32,0) -> 0 | CH32: ='Data Gaji'!KL32 -> 0 | CI32: =IF($L32="TER A",VLOOKUP(CH32,TER!$A$5:$D$48,4,TRUE),IF($L32="TER B",VLOOKUP(CH32,TER!$F$5:$I$44,4,TRUE),IF($L32="TER C",VLOOKUP(CH32,TER!$K$5:$N$45,4,TRUE),0))) -> 0 | CJ32: =IF($O32="Ya",CH32*CI32,0) -> 0 | CK32: =CH32+CJ32 -> 0 | CL32: =IF($L32="TER A",VLOOKUP(CH32,TER!$A$5:$D$48,4,TRUE),IF($L32="TER B",VLOOKUP(CH32,TER!$F$5:$I$44,4,TRUE),IF($L32="TER C",VLOOKUP(CH32,TER!$K$5:$N$45,4,TRUE),0))) -> 0 | CM32: =ROUND(CK32*CL32,0) -> 0 | CO32: ='Data Gaji'!LL32 -> 0 | CP32: =IF($L32="TER A",VLOOKUP(CO32,TER!$A$5:$D$48,4,TRUE),IF($L32="TER B",VLOOKUP(CO32,TER!$F$5:$I$44,4,TRUE),IF($L32="TER C",VLOOKUP(CO32,TER!$K$5:$N$45,4,TRUE),0))) -> 0 | CQ32: =IF($O32="Ya",CO32*CP32,0) -> 0 | CR32: =CO32+CQ32 -> 0 | CS32: =IF($L32="TER A",VLOOKUP(CO32,TER!$A$5:$D$48,4,TRUE),IF($L32="TER B",VLOOKUP(CO32,TER!$F$5:$I$44,4,TRUE),IF($L32="TER C",VLOOKUP(CO32,TER!$K$5:$N$45,4,TRUE),0))) -> 0 | CT32: =CR32*CS32 -> 0
A33: =A32+1 -> 27 | K33: ='Data Gaji'!K33 -> 0 | L33: =IF(ISNA(VLOOKUP(K33,'PTKP & TARIF'!$D$4:$E$11,2,0)),"",VLOOKUP(K33,'PTKP & TARIF'!$D$4:$E$11,2,0)) | O33: TIDAK | P33: ='Data Gaji'!AL33 -> 0 | Q33: =IF($L33="TER A",VLOOKUP(P33,TER!$A$5:$D$48,4,TRUE),IF($L33="TER B",VLOOKUP(P33,TER!$F$5:$I$44,4,TRUE),IF($L33="TER C",VLOOKUP(P33,TER!$K$5:$N$45,4,TRUE),0))) -> 0 | R33: =IF($O33="Ya",P33*Q33,0) -> 0 | S33: =P33+R33 -> 0 | T33: =IF($L33="TER A",VLOOKUP(P33,TER!$A$5:$D$48,4,TRUE),IF($L33="TER B",VLOOKUP(P33,TER!$F$5:$I$44,4,TRUE),IF($L33="TER C",VLOOKUP(P33,TER!$K$5:$N$45,4,TRUE),0))) -> 0 | U33: =ROUND(S33*T33,0) -> 0 | W33: ='Data Gaji'!BL33 -> 0 | X33: =IF($L33="TER A",VLOOKUP(W33,TER!$A$5:$D$48,4,TRUE),IF($L33="TER B",VLOOKUP(W33,TER!$F$5:$I$44,4,TRUE),IF($L33="TER C",VLOOKUP(W33,TER!$K$5:$N$45,4,TRUE),0))) -> 0 | Y33: =IF($O33="Ya",W33*X33,0) -> 0 | Z33: =W33+Y33 -> 0 | AA33: =IF($L33="TER A",VLOOKUP(W33,TER!$A$5:$D$48,4,TRUE),IF($L33="TER B",VLOOKUP(W33,TER!$F$5:$I$44,4,TRUE),IF($L33="TER C",VLOOKUP(W33,TER!$K$5:$N$45,4,TRUE),0))) -> 0 | AB33: =ROUND(Z33*AA33,0) -> 0 | AD33: ='Data Gaji'!CL33 -> 0 | AE33: =IF($L33="TER A",VLOOKUP(AD33,TER!$A$5:$D$48,4,TRUE),IF($L33="TER B",VLOOKUP(AD33,TER!$F$5:$I$44,4,TRUE),IF($L33="TER C",VLOOKUP(AD33,TER!$K$5:$N$45,4,TRUE),0))) -> 0 | AF33: =IF($O33="Ya",AD33*AE33,0) -> 0 | AG33: =AD33+AF33 -> 0 | AH33: =IF($L33="TER A",VLOOKUP(AD33,TER!$A$5:$D$48,4,TRUE),IF($L33="TER B",VLOOKUP(AD33,TER!$F$5:$I$44,4,TRUE),IF($L33="TER C",VLOOKUP(AD33,TER!$K$5:$N$45,4,TRUE),0))) -> 0 | AI33: =ROUND(AG33*AH33,0) -> 0 | AK33: ='Data Gaji'!DL33 -> 0 | AL33: =IF($L33="TER A",VLOOKUP(AK33,TER!$A$5:$D$48,4,TRUE),IF($L33="TER B",VLOOKUP(AK33,TER!$F$5:$I$44,4,TRUE),IF($L33="TER C",VLOOKUP(AK33,TER!$K$5:$N$45,4,TRUE),0))) -> 0 | AM33: =IF($O33="Ya",AK33*AL33,0) -> 0 | AN33: =AK33+AM33 -> 0 | AO33: =IF($L33="TER A",VLOOKUP(AK33,TER!$A$5:$D$48,4,TRUE),IF($L33="TER B",VLOOKUP(AK33,TER!$F$5:$I$44,4,TRUE),IF($L33="TER C",VLOOKUP(AK33,TER!$K$5:$N$45,4,TRUE),0))) -> 0 | AP33: =ROUND(AN33*AO33,0) -> 0 | AR33: ='Data Gaji'!EL33 -> 0 | AS33: =IF($L33="TER A",VLOOKUP(AR33,TER!$A$5:$D$48,4,TRUE),IF($L33="TER B",VLOOKUP(AR33,TER!$F$5:$I$44,4,TRUE),IF($L33="TER C",VLOOKUP(AR33,TER!$K$5:$N$45,4,TRUE),0))) -> 0 | AT33: =IF($O33="Ya",AR33*AS33,0) -> 0 | AU33: =AR33+AT33 -> 0 | AV33: =IF($L33="TER A",VLOOKUP(AR33,TER!$A$5:$D$48,4,TRUE),IF($L33="TER B",VLOOKUP(AR33,TER!$F$5:$I$44,4,TRUE),IF($L33="TER C",VLOOKUP(AR33,TER!$K$5:$N$45,4,TRUE),0))) -> 0 | AW33: =ROUND(AU33*AV33,0) -> 0 | AY33: ='Data Gaji'!FL33 -> 0 | AZ33: =IF($L33="TER A",VLOOKUP(AY33,TER!$A$5:$D$48,4,TRUE),IF($L33="TER B",VLOOKUP(AY33,TER!$F$5:$I$44,4,TRUE),IF($L33="TER C",VLOOKUP(AY33,TER!$K$5:$N$45,4,TRUE),0))) -> 0 | BA33: =IF($O33="Ya",AY33*AZ33,0) -> 0 | BB33: =AY33+BA33 -> 0 | BC33: =IF($L33="TER A",VLOOKUP(AY33,TER!$A$5:$D$48,4,TRUE),IF($L33="TER B",VLOOKUP(AY33,TER!$F$5:$I$44,4,TRUE),IF($L33="TER C",VLOOKUP(AY33,TER!$K$5:$N$45,4,TRUE),0))) -> 0 | BD33: =ROUND(BB33*BC33,0) -> 0 | BF33: ='Data Gaji'!GL33 -> 0 | BG33: =IF($L33="TER A",VLOOKUP(BF33,TER!$A$5:$D$48,4,TRUE),IF($L33="TER B",VLOOKUP(BF33,TER!$F$5:$I$44,4,TRUE),IF($L33="TER C",VLOOKUP(BF33,TER!$K$5:$N$45,4,TRUE),0))) -> 0 | BH33: =IF($O33="Ya",BF33*BG33,0) -> 0 | BI33: =BF33+BH33 -> 0 | BJ33: =IF($L33="TER A",VLOOKUP(BF33,TER!$A$5:$D$48,4,TRUE),IF($L33="TER B",VLOOKUP(BF33,TER!$F$5:$I$44,4,TRUE),IF($L33="TER C",VLOOKUP(BF33,TER!$K$5:$N$45,4,TRUE),0))) -> 0 | BK33: =ROUND(BI33*BJ33,0) -> 0 | BM33: ='Data Gaji'!HL33 -> 0 | BN33: =IF($L33="TER A",VLOOKUP(BM33,TER!$A$5:$D$48,4,TRUE),IF($L33="TER B",VLOOKUP(BM33,TER!$F$5:$I$44,4,TRUE),IF($L33="TER C",VLOOKUP(BM33,TER!$K$5:$N$45,4,TRUE),0))) -> 0 | BO33: =IF($O33="Ya",BM33*BN33,0) -> 0 | BP33: =BM33+BO33 -> 0 | BQ33: =IF($L33="TER A",VLOOKUP(BM33,TER!$A$5:$D$48,4,TRUE),IF($L33="TER B",VLOOKUP(BM33,TER!$F$5:$I$44,4,TRUE),IF($L33="TER C",VLOOKUP(BM33,TER!$K$5:$N$45,4,TRUE),0))) -> 0 | BR33: =ROUND(BP33*BQ33,0) -> 0 | BT33: ='Data Gaji'!IL33 -> 0 | BU33: =IF($L33="TER A",VLOOKUP(BT33,TER!$A$5:$D$48,4,TRUE),IF($L33="TER B",VLOOKUP(BT33,TER!$F$5:$I$44,4,TRUE),IF($L33="TER C",VLOOKUP(BT33,TER!$K$5:$N$45,4,TRUE),0))) -> 0 | BV33: =IF($O33="Ya",BT33*BU33,0) -> 0 | BW33: =BT33+BV33 -> 0 | BX33: =IF($L33="TER A",VLOOKUP(BT33,TER!$A$5:$D$48,4,TRUE),IF($L33="TER B",VLOOKUP(BT33,TER!$F$5:$I$44,4,TRUE),IF($L33="TER C",VLOOKUP(BT33,TER!$K$5:$N$45,4,TRUE),0))) -> 0 | BY33: =ROUND(BW33*BX33,0) -> 0 | CA33: ='Data Gaji'!JL33 -> 0 | CB33: =IF($L33="TER A",VLOOKUP(CA33,TER!$A$5:$D$48,4,TRUE),IF($L33="TER B",VLOOKUP(CA33,TER!$F$5:$I$44,4,TRUE),IF($L33="TER C",VLOOKUP(CA33,TER!$K$5:$N$45,4,TRUE),0))) -> 0 | CC33: =IF($O33="Ya",CA33*CB33,0) -> 0 | CD33: =CA33+CC33 -> 0 | CE33: =IF($L33="TER A",VLOOKUP(CA33,TER!$A$5:$D$48,4,TRUE),IF($L33="TER B",VLOOKUP(CA33,TER!$F$5:$I$44,4,TRUE),IF($L33="TER C",VLOOKUP(CA33,TER!$K$5:$N$45,4,TRUE),0))) -> 0 | CF33: =ROUND(CD33*CE33,0) -> 0 | CH33: ='Data Gaji'!KL33 -> 0 | CI33: =IF($L33="TER A",VLOOKUP(CH33,TER!$A$5:$D$48,4,TRUE),IF($L33="TER B",VLOOKUP(CH33,TER!$F$5:$I$44,4,TRUE),IF($L33="TER C",VLOOKUP(CH33,TER!$K$5:$N$45,4,TRUE),0))) -> 0 | CJ33: =IF($O33="Ya",CH33*CI33,0) -> 0 | CK33: =CH33+CJ33 -> 0 | CL33: =IF($L33="TER A",VLOOKUP(CH33,TER!$A$5:$D$48,4,TRUE),IF($L33="TER B",VLOOKUP(CH33,TER!$F$5:$I$44,4,TRUE),IF($L33="TER C",VLOOKUP(CH33,TER!$K$5:$N$45,4,TRUE),0))) -> 0 | CM33: =ROUND(CK33*CL33,0) -> 0 | CO33: ='Data Gaji'!LL33 -> 0 | CP33: =IF($L33="TER A",VLOOKUP(CO33,TER!$A$5:$D$48,4,TRUE),IF($L33="TER B",VLOOKUP(CO33,TER!$F$5:$I$44,4,TRUE),IF($L33="TER C",VLOOKUP(CO33,TER!$K$5:$N$45,4,TRUE),0))) -> 0 | CQ33: =IF($O33="Ya",CO33*CP33,0) -> 0 | CR33: =CO33+CQ33 -> 0 | CS33: =IF($L33="TER A",VLOOKUP(CO33,TER!$A$5:$D$48,4,TRUE),IF($L33="TER B",VLOOKUP(CO33,TER!$F$5:$I$44,4,TRUE),IF($L33="TER C",VLOOKUP(CO33,TER!$K$5:$N$45,4,TRUE),0))) -> 0 | CT33: =CR33*CS33 -> 0
A34: =A33+1 -> 28 | K34: ='Data Gaji'!K34 -> 0 | L34: =IF(ISNA(VLOOKUP(K34,'PTKP & TARIF'!$D$4:$E$11,2,0)),"",VLOOKUP(K34,'PTKP & TARIF'!$D$4:$E$11,2,0)) | O34: TIDAK | P34: ='Data Gaji'!AL34 -> 0 | Q34: =IF($L34="TER A",VLOOKUP(P34,TER!$A$5:$D$48,4,TRUE),IF($L34="TER B",VLOOKUP(P34,TER!$F$5:$I$44,4,TRUE),IF($L34="TER C",VLOOKUP(P34,TER!$K$5:$N$45,4,TRUE),0))) -> 0 | R34: =IF($O34="Ya",P34*Q34,0) -> 0 | S34: =P34+R34 -> 0 | T34: =IF($L34="TER A",VLOOKUP(P34,TER!$A$5:$D$48,4,TRUE),IF($L34="TER B",VLOOKUP(P34,TER!$F$5:$I$44,4,TRUE),IF($L34="TER C",VLOOKUP(P34,TER!$K$5:$N$45,4,TRUE),0))) -> 0 | U34: =ROUND(S34*T34,0) -> 0 | W34: ='Data Gaji'!BL34 -> 0 | X34: =IF($L34="TER A",VLOOKUP(W34,TER!$A$5:$D$48,4,TRUE),IF($L34="TER B",VLOOKUP(W34,TER!$F$5:$I$44,4,TRUE),IF($L34="TER C",VLOOKUP(W34,TER!$K$5:$N$45,4,TRUE),0))) -> 0 | Y34: =IF($O34="Ya",W34*X34,0) -> 0 | Z34: =W34+Y34 -> 0 | AA34: =IF($L34="TER A",VLOOKUP(W34,TER!$A$5:$D$48,4,TRUE),IF($L34="TER B",VLOOKUP(W34,TER!$F$5:$I$44,4,TRUE),IF($L34="TER C",VLOOKUP(W34,TER!$K$5:$N$45,4,TRUE),0))) -> 0 | AB34: =ROUND(Z34*AA34,0) -> 0 | AD34: ='Data Gaji'!CL34 -> 0 | AE34: =IF($L34="TER A",VLOOKUP(AD34,TER!$A$5:$D$48,4,TRUE),IF($L34="TER B",VLOOKUP(AD34,TER!$F$5:$I$44,4,TRUE),IF($L34="TER C",VLOOKUP(AD34,TER!$K$5:$N$45,4,TRUE),0))) -> 0 | AF34: =IF($O34="Ya",AD34*AE34,0) -> 0 | AG34: =AD34+AF34 -> 0 | AH34: =IF($L34="TER A",VLOOKUP(AD34,TER!$A$5:$D$48,4,TRUE),IF($L34="TER B",VLOOKUP(AD34,TER!$F$5:$I$44,4,TRUE),IF($L34="TER C",VLOOKUP(AD34,TER!$K$5:$N$45,4,TRUE),0))) -> 0 | AI34: =ROUND(AG34*AH34,0) -> 0 | AK34: ='Data Gaji'!DL34 -> 0 | AL34: =IF($L34="TER A",VLOOKUP(AK34,TER!$A$5:$D$48,4,TRUE),IF($L34="TER B",VLOOKUP(AK34,TER!$F$5:$I$44,4,TRUE),IF($L34="TER C",VLOOKUP(AK34,TER!$K$5:$N$45,4,TRUE),0))) -> 0 | AM34: =IF($O34="Ya",AK34*AL34,0) -> 0 | AN34: =AK34+AM34 -> 0 | AO34: =IF($L34="TER A",VLOOKUP(AK34,TER!$A$5:$D$48,4,TRUE),IF($L34="TER B",VLOOKUP(AK34,TER!$F$5:$I$44,4,TRUE),IF($L34="TER C",VLOOKUP(AK34,TER!$K$5:$N$45,4,TRUE),0))) -> 0 | AP34: =ROUND(AN34*AO34,0) -> 0 | AR34: ='Data Gaji'!EL34 -> 0 | AS34: =IF($L34="TER A",VLOOKUP(AR34,TER!$A$5:$D$48,4,TRUE),IF($L34="TER B",VLOOKUP(AR34,TER!$F$5:$I$44,4,TRUE),IF($L34="TER C",VLOOKUP(AR34,TER!$K$5:$N$45,4,TRUE),0))) -> 0 | AT34: =IF($O34="Ya",AR34*AS34,0) -> 0 | AU34: =AR34+AT34 -> 0 | AV34: =IF($L34="TER A",VLOOKUP(AR34,TER!$A$5:$D$48,4,TRUE),IF($L34="TER B",VLOOKUP(AR34,TER!$F$5:$I$44,4,TRUE),IF($L34="TER C",VLOOKUP(AR34,TER!$K$5:$N$45,4,TRUE),0))) -> 0 | AW34: =ROUND(AU34*AV34,0) -> 0 | AY34: ='Data Gaji'!FL34 -> 0 | AZ34: =IF($L34="TER A",VLOOKUP(AY34,TER!$A$5:$D$48,4,TRUE),IF($L34="TER B",VLOOKUP(AY34,TER!$F$5:$I$44,4,TRUE),IF($L34="TER C",VLOOKUP(AY34,TER!$K$5:$N$45,4,TRUE),0))) -> 0 | BA34: =IF($O34="Ya",AY34*AZ34,0) -> 0 | BB34: =AY34+BA34 -> 0 | BC34: =IF($L34="TER A",VLOOKUP(AY34,TER!$A$5:$D$48,4,TRUE),IF($L34="TER B",VLOOKUP(AY34,TER!$F$5:$I$44,4,TRUE),IF($L34="TER C",VLOOKUP(AY34,TER!$K$5:$N$45,4,TRUE),0))) -> 0 | BD34: =ROUND(BB34*BC34,0) -> 0 | BF34: ='Data Gaji'!GL34 -> 0 | BG34: =IF($L34="TER A",VLOOKUP(BF34,TER!$A$5:$D$48,4,TRUE),IF($L34="TER B",VLOOKUP(BF34,TER!$F$5:$I$44,4,TRUE),IF($L34="TER C",VLOOKUP(BF34,TER!$K$5:$N$45,4,TRUE),0))) -> 0 | BH34: =IF($O34="Ya",BF34*BG34,0) -> 0 | BI34: =BF34+BH34 -> 0 | BJ34: =IF($L34="TER A",VLOOKUP(BF34,TER!$A$5:$D$48,4,TRUE),IF($L34="TER B",VLOOKUP(BF34,TER!$F$5:$I$44,4,TRUE),IF($L34="TER C",VLOOKUP(BF34,TER!$K$5:$N$45,4,TRUE),0))) -> 0 | BK34: =ROUND(BI34*BJ34,0) -> 0 | BM34: ='Data Gaji'!HL34 -> 0 | BN34: =IF($L34="TER A",VLOOKUP(BM34,TER!$A$5:$D$48,4,TRUE),IF($L34="TER B",VLOOKUP(BM34,TER!$F$5:$I$44,4,TRUE),IF($L34="TER C",VLOOKUP(BM34,TER!$K$5:$N$45,4,TRUE),0))) -> 0 | BO34: =IF($O34="Ya",BM34*BN34,0) -> 0 | BP34: =BM34+BO34 -> 0 | BQ34: =IF($L34="TER A",VLOOKUP(BM34,TER!$A$5:$D$48,4,TRUE),IF($L34="TER B",VLOOKUP(BM34,TER!$F$5:$I$44,4,TRUE),IF($L34="TER C",VLOOKUP(BM34,TER!$K$5:$N$45,4,TRUE),0))) -> 0 | BR34: =ROUND(BP34*BQ34,0) -> 0 | BT34: ='Data Gaji'!IL34 -> 0 | BU34: =IF($L34="TER A",VLOOKUP(BT34,TER!$A$5:$D$48,4,TRUE),IF($L34="TER B",VLOOKUP(BT34,TER!$F$5:$I$44,4,TRUE),IF($L34="TER C",VLOOKUP(BT34,TER!$K$5:$N$45,4,TRUE),0))) -> 0 | BV34: =IF($O34="Ya",BT34*BU34,0) -> 0 | BW34: =BT34+BV34 -> 0 | BX34: =IF($L34="TER A",VLOOKUP(BT34,TER!$A$5:$D$48,4,TRUE),IF($L34="TER B",VLOOKUP(BT34,TER!$F$5:$I$44,4,TRUE),IF($L34="TER C",VLOOKUP(BT34,TER!$K$5:$N$45,4,TRUE),0))) -> 0 | BY34: =ROUND(BW34*BX34,0) -> 0 | CA34: ='Data Gaji'!JL34 -> 0 | CB34: =IF($L34="TER A",VLOOKUP(CA34,TER!$A$5:$D$48,4,TRUE),IF($L34="TER B",VLOOKUP(CA34,TER!$F$5:$I$44,4,TRUE),IF($L34="TER C",VLOOKUP(CA34,TER!$K$5:$N$45,4,TRUE),0))) -> 0 | CC34: =IF($O34="Ya",CA34*CB34,0) -> 0 | CD34: =CA34+CC34 -> 0 | CE34: =IF($L34="TER A",VLOOKUP(CA34,TER!$A$5:$D$48,4,TRUE),IF($L34="TER B",VLOOKUP(CA34,TER!$F$5:$I$44,4,TRUE),IF($L34="TER C",VLOOKUP(CA34,TER!$K$5:$N$45,4,TRUE),0))) -> 0 | CF34: =ROUND(CD34*CE34,0) -> 0 | CH34: ='Data Gaji'!KL34 -> 0 | CI34: =IF($L34="TER A",VLOOKUP(CH34,TER!$A$5:$D$48,4,TRUE),IF($L34="TER B",VLOOKUP(CH34,TER!$F$5:$I$44,4,TRUE),IF($L34="TER C",VLOOKUP(CH34,TER!$K$5:$N$45,4,TRUE),0))) -> 0 | CJ34: =IF($O34="Ya",CH34*CI34,0) -> 0 | CK34: =CH34+CJ34 -> 0 | CL34: =IF($L34="TER A",VLOOKUP(CH34,TER!$A$5:$D$48,4,TRUE),IF($L34="TER B",VLOOKUP(CH34,TER!$F$5:$I$44,4,TRUE),IF($L34="TER C",VLOOKUP(CH34,TER!$K$5:$N$45,4,TRUE),0))) -> 0 | CM34: =ROUND(CK34*CL34,0) -> 0 | CO34: ='Data Gaji'!LL34 -> 0 | CP34: =IF($L34="TER A",VLOOKUP(CO34,TER!$A$5:$D$48,4,TRUE),IF($L34="TER B",VLOOKUP(CO34,TER!$F$5:$I$44,4,TRUE),IF($L34="TER C",VLOOKUP(CO34,TER!$K$5:$N$45,4,TRUE),0))) -> 0 | CQ34: =IF($O34="Ya",CO34*CP34,0) -> 0 | CR34: =CO34+CQ34 -> 0 | CS34: =IF($L34="TER A",VLOOKUP(CO34,TER!$A$5:$D$48,4,TRUE),IF($L34="TER B",VLOOKUP(CO34,TER!$F$5:$I$44,4,TRUE),IF($L34="TER C",VLOOKUP(CO34,TER!$K$5:$N$45,4,TRUE),0))) -> 0 | CT34: =CR34*CS34 -> 0
A35: =A34+1 -> 29 | F35: Y | K35: ='Data Gaji'!K35 -> 0 | L35: =IF(ISNA(VLOOKUP(K35,'PTKP & TARIF'!$D$4:$E$11,2,0)),"",VLOOKUP(K35,'PTKP & TARIF'!$D$4:$E$11,2,0)) | O35: TIDAK | P35: ='Data Gaji'!AL35 -> 0 | Q35: =IF($L35="TER A",VLOOKUP(P35,TER!$A$5:$D$48,4,TRUE),IF($L35="TER B",VLOOKUP(P35,TER!$F$5:$I$44,4,TRUE),IF($L35="TER C",VLOOKUP(P35,TER!$K$5:$N$45,4,TRUE),0))) -> 0 | R35: =IF($O35="Ya",P35*Q35,0) -> 0 | S35: =P35+R35 -> 0 | T35: =IF($L35="TER A",VLOOKUP(P35,TER!$A$5:$D$48,4,TRUE),IF($L35="TER B",VLOOKUP(P35,TER!$F$5:$I$44,4,TRUE),IF($L35="TER C",VLOOKUP(P35,TER!$K$5:$N$45,4,TRUE),0))) -> 0 | U35: =ROUND(S35*T35,0) -> 0 | W35: ='Data Gaji'!BL35 -> 0 | X35: =IF($L35="TER A",VLOOKUP(W35,TER!$A$5:$D$48,4,TRUE),IF($L35="TER B",VLOOKUP(W35,TER!$F$5:$I$44,4,TRUE),IF($L35="TER C",VLOOKUP(W35,TER!$K$5:$N$45,4,TRUE),0))) -> 0 | Y35: =IF($O35="Ya",W35*X35,0) -> 0 | Z35: =W35+Y35 -> 0 | AA35: =IF($L35="TER A",VLOOKUP(W35,TER!$A$5:$D$48,4,TRUE),IF($L35="TER B",VLOOKUP(W35,TER!$F$5:$I$44,4,TRUE),IF($L35="TER C",VLOOKUP(W35,TER!$K$5:$N$45,4,TRUE),0))) -> 0 | AB35: =ROUND(Z35*AA35,0) -> 0 | AD35: ='Data Gaji'!CL35 -> 0 | AE35: =IF($L35="TER A",VLOOKUP(AD35,TER!$A$5:$D$48,4,TRUE),IF($L35="TER B",VLOOKUP(AD35,TER!$F$5:$I$44,4,TRUE),IF($L35="TER C",VLOOKUP(AD35,TER!$K$5:$N$45,4,TRUE),0))) -> 0 | AF35: =IF($O35="Ya",AD35*AE35,0) -> 0 | AG35: =AD35+AF35 -> 0 | AH35: =IF($L35="TER A",VLOOKUP(AD35,TER!$A$5:$D$48,4,TRUE),IF($L35="TER B",VLOOKUP(AD35,TER!$F$5:$I$44,4,TRUE),IF($L35="TER C",VLOOKUP(AD35,TER!$K$5:$N$45,4,TRUE),0))) -> 0 | AI35: =ROUND(AG35*AH35,0) -> 0 | AK35: ='Data Gaji'!DL35 -> 0 | AL35: =IF($L35="TER A",VLOOKUP(AK35,TER!$A$5:$D$48,4,TRUE),IF($L35="TER B",VLOOKUP(AK35,TER!$F$5:$I$44,4,TRUE),IF($L35="TER C",VLOOKUP(AK35,TER!$K$5:$N$45,4,TRUE),0))) -> 0 | AM35: =IF($O35="Ya",AK35*AL35,0) -> 0 | AN35: =AK35+AM35 -> 0 | AO35: =IF($L35="TER A",VLOOKUP(AK35,TER!$A$5:$D$48,4,TRUE),IF($L35="TER B",VLOOKUP(AK35,TER!$F$5:$I$44,4,TRUE),IF($L35="TER C",VLOOKUP(AK35,TER!$K$5:$N$45,4,TRUE),0))) -> 0 | AP35: =ROUND(AN35*AO35,0) -> 0 | AR35: ='Data Gaji'!EL35 -> 0 | AS35: =IF($L35="TER A",VLOOKUP(AR35,TER!$A$5:$D$48,4,TRUE),IF($L35="TER B",VLOOKUP(AR35,TER!$F$5:$I$44,4,TRUE),IF($L35="TER C",VLOOKUP(AR35,TER!$K$5:$N$45,4,TRUE),0))) -> 0 | AT35: =IF($O35="Ya",AR35*AS35,0) -> 0 | AU35: =AR35+AT35 -> 0 | AV35: =IF($L35="TER A",VLOOKUP(AR35,TER!$A$5:$D$48,4,TRUE),IF($L35="TER B",VLOOKUP(AR35,TER!$F$5:$I$44,4,TRUE),IF($L35="TER C",VLOOKUP(AR35,TER!$K$5:$N$45,4,TRUE),0))) -> 0 | AW35: =ROUND(AU35*AV35,0) -> 0 | AY35: ='Data Gaji'!FL35 -> 0 | AZ35: =IF($L35="TER A",VLOOKUP(AY35,TER!$A$5:$D$48,4,TRUE),IF($L35="TER B",VLOOKUP(AY35,TER!$F$5:$I$44,4,TRUE),IF($L35="TER C",VLOOKUP(AY35,TER!$K$5:$N$45,4,TRUE),0))) -> 0 | BA35: =IF($O35="Ya",AY35*AZ35,0) -> 0 | BB35: =AY35+BA35 -> 0 | BC35: =IF($L35="TER A",VLOOKUP(AY35,TER!$A$5:$D$48,4,TRUE),IF($L35="TER B",VLOOKUP(AY35,TER!$F$5:$I$44,4,TRUE),IF($L35="TER C",VLOOKUP(AY35,TER!$K$5:$N$45,4,TRUE),0))) -> 0 | BD35: =ROUND(BB35*BC35,0) -> 0 | BF35: ='Data Gaji'!GL35 -> 0 | BG35: =IF($L35="TER A",VLOOKUP(BF35,TER!$A$5:$D$48,4,TRUE),IF($L35="TER B",VLOOKUP(BF35,TER!$F$5:$I$44,4,TRUE),IF($L35="TER C",VLOOKUP(BF35,TER!$K$5:$N$45,4,TRUE),0))) -> 0 | BH35: =IF($O35="Ya",BF35*BG35,0) -> 0 | BI35: =BF35+BH35 -> 0 | BJ35: =IF($L35="TER A",VLOOKUP(BF35,TER!$A$5:$D$48,4,TRUE),IF($L35="TER B",VLOOKUP(BF35,TER!$F$5:$I$44,4,TRUE),IF($L35="TER C",VLOOKUP(BF35,TER!$K$5:$N$45,4,TRUE),0))) -> 0 | BK35: =ROUND(BI35*BJ35,0) -> 0 | BM35: ='Data Gaji'!HL35 -> 0 | BN35: =IF($L35="TER A",VLOOKUP(BM35,TER!$A$5:$D$48,4,TRUE),IF($L35="TER B",VLOOKUP(BM35,TER!$F$5:$I$44,4,TRUE),IF($L35="TER C",VLOOKUP(BM35,TER!$K$5:$N$45,4,TRUE),0))) -> 0 | BO35: =IF($O35="Ya",BM35*BN35,0) -> 0 | BP35: =BM35+BO35 -> 0 | BQ35: =IF($L35="TER A",VLOOKUP(BM35,TER!$A$5:$D$48,4,TRUE),IF($L35="TER B",VLOOKUP(BM35,TER!$F$5:$I$44,4,TRUE),IF($L35="TER C",VLOOKUP(BM35,TER!$K$5:$N$45,4,TRUE),0))) -> 0 | BR35: =ROUND(BP35*BQ35,0) -> 0 | BT35: ='Data Gaji'!IL35 -> 0 | BU35: =IF($L35="TER A",VLOOKUP(BT35,TER!$A$5:$D$48,4,TRUE),IF($L35="TER B",VLOOKUP(BT35,TER!$F$5:$I$44,4,TRUE),IF($L35="TER C",VLOOKUP(BT35,TER!$K$5:$N$45,4,TRUE),0))) -> 0 | BV35: =IF($O35="Ya",BT35*BU35,0) -> 0 | BW35: =BT35+BV35 -> 0 | BX35: =IF($L35="TER A",VLOOKUP(BT35,TER!$A$5:$D$48,4,TRUE),IF($L35="TER B",VLOOKUP(BT35,TER!$F$5:$I$44,4,TRUE),IF($L35="TER C",VLOOKUP(BT35,TER!$K$5:$N$45,4,TRUE),0))) -> 0 | BY35: =ROUND(BW35*BX35,0) -> 0 | CA35: ='Data Gaji'!JL35 -> 0 | CB35: =IF($L35="TER A",VLOOKUP(CA35,TER!$A$5:$D$48,4,TRUE),IF($L35="TER B",VLOOKUP(CA35,TER!$F$5:$I$44,4,TRUE),IF($L35="TER C",VLOOKUP(CA35,TER!$K$5:$N$45,4,TRUE),0))) -> 0 | CC35: =IF($O35="Ya",CA35*CB35,0) -> 0 | CD35: =CA35+CC35 -> 0 | CE35: =IF($L35="TER A",VLOOKUP(CA35,TER!$A$5:$D$48,4,TRUE),IF($L35="TER B",VLOOKUP(CA35,TER!$F$5:$I$44,4,TRUE),IF($L35="TER C",VLOOKUP(CA35,TER!$K$5:$N$45,4,TRUE),0))) -> 0 | CF35: =ROUND(CD35*CE35,0) -> 0 | CH35: ='Data Gaji'!KL35 -> 0 | CI35: =IF($L35="TER A",VLOOKUP(CH35,TER!$A$5:$D$48,4,TRUE),IF($L35="TER B",VLOOKUP(CH35,TER!$F$5:$I$44,4,TRUE),IF($L35="TER C",VLOOKUP(CH35,TER!$K$5:$N$45,4,TRUE),0))) -> 0 | CJ35: =IF($O35="Ya",CH35*CI35,0) -> 0 | CK35: =CH35+CJ35 -> 0 | CL35: =IF($L35="TER A",VLOOKUP(CH35,TER!$A$5:$D$48,4,TRUE),IF($L35="TER B",VLOOKUP(CH35,TER!$F$5:$I$44,4,TRUE),IF($L35="TER C",VLOOKUP(CH35,TER!$K$5:$N$45,4,TRUE),0))) -> 0 | CM35: =ROUND(CK35*CL35,0) -> 0 | CO35: ='Data Gaji'!LL34 -> 0 | CP35: =IF($L35="TER A",VLOOKUP(CO35,TER!$A$5:$D$48,4,TRUE),IF($L35="TER B",VLOOKUP(CO35,TER!$F$5:$I$44,4,TRUE),IF($L35="TER C",VLOOKUP(CO35,TER!$K$5:$N$45,4,TRUE),0))) -> 0 | CQ35: =IF($O35="Ya",CO35*CP35,0) -> 0 | CR35: =CO35+CQ35 -> 0 | CS35: =IF($L35="TER A",VLOOKUP(CO35,TER!$A$5:$D$48,4,TRUE),IF($L35="TER B",VLOOKUP(CO35,TER!$F$5:$I$44,4,TRUE),IF($L35="TER C",VLOOKUP(CO35,TER!$K$5:$N$45,4,TRUE),0))) -> 0 | CT35: =CR35*CS35 -> 0
A36: =A35+1 -> 30 | K36: ='Data Gaji'!K36 -> 0 | L36: =IF(ISNA(VLOOKUP(K36,'PTKP & TARIF'!$D$4:$E$11,2,0)),"",VLOOKUP(K36,'PTKP & TARIF'!$D$4:$E$11,2,0)) | O36: TIDAK | P36: ='Data Gaji'!AL38 -> 0 | Q36: =IF($L36="TER A",VLOOKUP(P36,TER!$A$5:$D$48,4,TRUE),IF($L36="TER B",VLOOKUP(P36,TER!$F$5:$I$44,4,TRUE),IF($L36="TER C",VLOOKUP(P36,TER!$K$5:$N$45,4,TRUE),0))) -> 0 | R36: =IF($O36="Ya",P36*Q36,0) -> 0 | S36: =P36+R36 -> 0 | T36: =IF($L36="TER A",VLOOKUP(P36,TER!$A$5:$D$48,4,TRUE),IF($L36="TER B",VLOOKUP(P36,TER!$F$5:$I$44,4,TRUE),IF($L36="TER C",VLOOKUP(P36,TER!$K$5:$N$45,4,TRUE),0))) -> 0 | U36: =ROUND(S36*T36,0) -> 0 | W36: ='Data Gaji'!BL38 -> 0 | X36: =IF($L36="TER A",VLOOKUP(W36,TER!$A$5:$D$48,4,TRUE),IF($L36="TER B",VLOOKUP(W36,TER!$F$5:$I$44,4,TRUE),IF($L36="TER C",VLOOKUP(W36,TER!$K$5:$N$45,4,TRUE),0))) -> 0 | Y36: =IF($O36="Ya",W36*X36,0) -> 0 | Z36: =W36+Y36 -> 0 | AA36: =IF($L36="TER A",VLOOKUP(W36,TER!$A$5:$D$48,4,TRUE),IF($L36="TER B",VLOOKUP(W36,TER!$F$5:$I$44,4,TRUE),IF($L36="TER C",VLOOKUP(W36,TER!$K$5:$N$45,4,TRUE),0))) -> 0 | AB36: =ROUND(Z36*AA36,0) -> 0 | AD36: ='Data Gaji'!CL35 -> 0 | AE36: =IF($L36="TER A",VLOOKUP(AD36,TER!$A$5:$D$48,4,TRUE),IF($L36="TER B",VLOOKUP(AD36,TER!$F$5:$I$44,4,TRUE),IF($L36="TER C",VLOOKUP(AD36,TER!$K$5:$N$45,4,TRUE),0))) -> 0 | AF36: =IF($O36="Ya",AD36*AE36,0) -> 0 | AG36: =AD36+AF36 -> 0 | AH36: =IF($L36="TER A",VLOOKUP(AD36,TER!$A$5:$D$48,4,TRUE),IF($L36="TER B",VLOOKUP(AD36,TER!$F$5:$I$44,4,TRUE),IF($L36="TER C",VLOOKUP(AD36,TER!$K$5:$N$45,4,TRUE),0))) -> 0 | AI36: =ROUND(AG36*AH36,0) -> 0 | AK36: ='Data Gaji'!DL36 -> 0 | AL36: =IF($L36="TER A",VLOOKUP(AK36,TER!$A$5:$D$48,4,TRUE),IF($L36="TER B",VLOOKUP(AK36,TER!$F$5:$I$44,4,TRUE),IF($L36="TER C",VLOOKUP(AK36,TER!$K$5:$N$45,4,TRUE),0))) -> 0 | AM36: =IF($O36="Ya",AK36*AL36,0) -> 0 | AN36: =AK36+AM36 -> 0 | AO36: =IF($L36="TER A",VLOOKUP(AK36,TER!$A$5:$D$48,4,TRUE),IF($L36="TER B",VLOOKUP(AK36,TER!$F$5:$I$44,4,TRUE),IF($L36="TER C",VLOOKUP(AK36,TER!$K$5:$N$45,4,TRUE),0))) -> 0 | AP36: =ROUND(AN36*AO36,0) -> 0 | AR36: ='Data Gaji'!EL36 -> 0 | AS36: =IF($L36="TER A",VLOOKUP(AR36,TER!$A$5:$D$48,4,TRUE),IF($L36="TER B",VLOOKUP(AR36,TER!$F$5:$I$44,4,TRUE),IF($L36="TER C",VLOOKUP(AR36,TER!$K$5:$N$45,4,TRUE),0))) -> 0 | AT36: =IF($O36="Ya",AR36*AS36,0) -> 0 | AU36: =AR36+AT36 -> 0 | AV36: =IF($L36="TER A",VLOOKUP(AR36,TER!$A$5:$D$48,4,TRUE),IF($L36="TER B",VLOOKUP(AR36,TER!$F$5:$I$44,4,TRUE),IF($L36="TER C",VLOOKUP(AR36,TER!$K$5:$N$45,4,TRUE),0))) -> 0 | AW36: =ROUND(AU36*AV36,0) -> 0 | AY36: ='Data Gaji'!FL36 -> 0 | AZ36: =IF($L36="TER A",VLOOKUP(AY36,TER!$A$5:$D$48,4,TRUE),IF($L36="TER B",VLOOKUP(AY36,TER!$F$5:$I$44,4,TRUE),IF($L36="TER C",VLOOKUP(AY36,TER!$K$5:$N$45,4,TRUE),0))) -> 0 | BA36: =IF($O36="Ya",AY36*AZ36,0) -> 0 | BB36: =AY36+BA36 -> 0 | BC36: =IF($L36="TER A",VLOOKUP(AY36,TER!$A$5:$D$48,4,TRUE),IF($L36="TER B",VLOOKUP(AY36,TER!$F$5:$I$44,4,TRUE),IF($L36="TER C",VLOOKUP(AY36,TER!$K$5:$N$45,4,TRUE),0))) -> 0 | BD36: =ROUND(BB36*BC36,0) -> 0 | BF36: ='Data Gaji'!GL36 -> 0 | BG36: =IF($L36="TER A",VLOOKUP(BF36,TER!$A$5:$D$48,4,TRUE),IF($L36="TER B",VLOOKUP(BF36,TER!$F$5:$I$44,4,TRUE),IF($L36="TER C",VLOOKUP(BF36,TER!$K$5:$N$45,4,TRUE),0))) -> 0 | BH36: =IF($O36="Ya",BF36*BG36,0) -> 0 | BI36: =BF36+BH36 -> 0 | BJ36: =IF($L36="TER A",VLOOKUP(BF36,TER!$A$5:$D$48,4,TRUE),IF($L36="TER B",VLOOKUP(BF36,TER!$F$5:$I$44,4,TRUE),IF($L36="TER C",VLOOKUP(BF36,TER!$K$5:$N$45,4,TRUE),0))) -> 0 | BK36: =ROUND(BI36*BJ36,0) -> 0 | BM36: ='Data Gaji'!HL36 -> 0 | BN36: =IF($L36="TER A",VLOOKUP(BM36,TER!$A$5:$D$48,4,TRUE),IF($L36="TER B",VLOOKUP(BM36,TER!$F$5:$I$44,4,TRUE),IF($L36="TER C",VLOOKUP(BM36,TER!$K$5:$N$45,4,TRUE),0))) -> 0 | BO36: =IF($O36="Ya",BM36*BN36,0) -> 0 | BP36: =BM36+BO36 -> 0 | BQ36: =IF($L36="TER A",VLOOKUP(BM36,TER!$A$5:$D$48,4,TRUE),IF($L36="TER B",VLOOKUP(BM36,TER!$F$5:$I$44,4,TRUE),IF($L36="TER C",VLOOKUP(BM36,TER!$K$5:$N$45,4,TRUE),0))) -> 0 | BR36: =ROUND(BP36*BQ36,0) -> 0 | BT36: ='Data Gaji'!IL36 -> 0 | BU36: =IF($L36="TER A",VLOOKUP(BT36,TER!$A$5:$D$48,4,TRUE),IF($L36="TER B",VLOOKUP(BT36,TER!$F$5:$I$44,4,TRUE),IF($L36="TER C",VLOOKUP(BT36,TER!$K$5:$N$45,4,TRUE),0))) -> 0 | BV36: =IF($O36="Ya",BT36*BU36,0) -> 0 | BW36: =BT36+BV36 -> 0 | BX36: =IF($L36="TER A",VLOOKUP(BT36,TER!$A$5:$D$48,4,TRUE),IF($L36="TER B",VLOOKUP(BT36,TER!$F$5:$I$44,4,TRUE),IF($L36="TER C",VLOOKUP(BT36,TER!$K$5:$N$45,4,TRUE),0))) -> 0 | BY36: =ROUND(BW36*BX36,0) -> 0 | CA36: ='Data Gaji'!JL36 -> 0 | CB36: =IF($L36="TER A",VLOOKUP(CA36,TER!$A$5:$D$48,4,TRUE),IF($L36="TER B",VLOOKUP(CA36,TER!$F$5:$I$44,4,TRUE),IF($L36="TER C",VLOOKUP(CA36,TER!$K$5:$N$45,4,TRUE),0))) -> 0 | CC36: =IF($O36="Ya",CA36*CB36,0) -> 0 | CD36: =CA36+CC36 -> 0 | CE36: =IF($L36="TER A",VLOOKUP(CA36,TER!$A$5:$D$48,4,TRUE),IF($L36="TER B",VLOOKUP(CA36,TER!$F$5:$I$44,4,TRUE),IF($L36="TER C",VLOOKUP(CA36,TER!$K$5:$N$45,4,TRUE),0))) -> 0 | CF36: =ROUND(CD36*CE36,0) -> 0 | CH36: ='Data Gaji'!KL36 -> 0 | CI36: =IF($L36="TER A",VLOOKUP(CH36,TER!$A$5:$D$48,4,TRUE),IF($L36="TER B",VLOOKUP(CH36,TER!$F$5:$I$44,4,TRUE),IF($L36="TER C",VLOOKUP(CH36,TER!$K$5:$N$45,4,TRUE),0))) -> 0 | CJ36: =IF($O36="Ya",CH36*CI36,0) -> 0 | CK36: =CH36+CJ36 -> 0 | CL36: =IF($L36="TER A",VLOOKUP(CH36,TER!$A$5:$D$48,4,TRUE),IF($L36="TER B",VLOOKUP(CH36,TER!$F$5:$I$44,4,TRUE),IF($L36="TER C",VLOOKUP(CH36,TER!$K$5:$N$45,4,TRUE),0))) -> 0 | CM36: =ROUND(CK36*CL36,0) -> 0 | CO36: ='Data Gaji'!LL38 -> 0 | CP36: =IF($L36="TER A",VLOOKUP(CO36,TER!$A$5:$D$48,4,TRUE),IF($L36="TER B",VLOOKUP(CO36,TER!$F$5:$I$44,4,TRUE),IF($L36="TER C",VLOOKUP(CO36,TER!$K$5:$N$45,4,TRUE),0))) -> 0 | CQ36: =IF($O36="Ya",CO36*CP36,0) -> 0 | CR36: =CO36+CQ36 -> 0 | CS36: =IF($L36="TER A",VLOOKUP(CO36,TER!$A$5:$D$48,4,TRUE),IF($L36="TER B",VLOOKUP(CO36,TER!$F$5:$I$44,4,TRUE),IF($L36="TER C",VLOOKUP(CO36,TER!$K$5:$N$45,4,TRUE),0))) -> 0 | CT36: =CR36*CS36 -> 0
